TimeSteps,Delay,FieldStrength,DopplerShift,AoD_Azimuth,AoA_Azimuth,AoD_Elevation,AoA_Elevation
0,20.1696,2.86406e+06,0,294.444,114.444,92.3696,87.6304,
0,34.1771,378395,5.45727,254.249,184.821,91.3981,88.6019,
0,37.4874,282519,5.59672,247.694,184.086,91.2747,88.7253,
0,37.0231,176926,5.74307,255.964,194.845,91.2906,88.7094,
0,20.034,2.88345e+06,0,293.575,113.575,92.3856,87.6144,
0,33.8448,382109,5.46168,254.249,184.939,91.4119,88.5881,
0,37.1548,285048,5.59992,247.694,184.17,91.2861,88.7139,
0,36.701,178479,5.75322,255.964,195.195,91.302,88.698,
0,19.903,2.90242e+06,0,292.694,112.694,92.4013,87.5987,
0,33.5126,385897,5.4663,254.249,185.064,91.4259,88.5741,
0,36.8222,287623,5.60326,247.694,184.259,91.2977,88.7023,
0,36.3795,180056,5.76373,255.964,195.562,91.3135,88.6865,
0,19.7769,2.92094e+06,0,291.801,111.801,92.4166,87.5834,
0,33.1805,389759,5.47115,254.249,185.194,91.4401,88.5599,
0,36.4897,290244,5.60673,247.694,184.351,91.3095,88.6905,
0,36.0585,181659,5.77462,255.964,195.945,91.3252,88.6748,
0,19.6555,2.93897e+06,0,290.898,110.898,92.4316,87.5684,
0,32.8484,393700,5.47624,254.249,185.332,91.4547,88.5453,
0,36.1572,292913,5.61035,247.694,184.447,91.3216,88.6784,
0,35.7382,183287,5.7859,255.964,196.348,91.3371,88.6629,
0,19.5391,2.95647e+06,0,289.983,109.983,92.4461,87.5539,
0,32.5165,397719,5.48159,254.249,185.477,91.4696,88.5304,
0,35.8247,295631,5.61413,247.694,184.548,91.3338,88.6662,
0,35.4186,184941,5.7976,255.964,196.771,91.3491,88.6509,
0,19.4278,2.97342e+06,0,289.058,109.058,92.4601,87.5399,
0,32.1846,401820,5.48722,254.249,185.631,91.4847,88.5153,
0,35.4923,298400,5.61807,247.694,184.653,91.3463,88.6537,
0,35.0997,186622,5.80973,255.964,197.216,91.3614,88.6386,
0,19.3215,2.98977e+06,0,288.122,108.122,92.4736,87.5264,
0,31.8528,406006,5.49315,254.249,185.793,91.5002,88.4998,
0,35.16,301220,5.6222,247.694,184.764,91.359,88.641,
0,34.7815,188329,5.82231,255.964,197.684,91.3738,88.6262,
0,19.2205,3.00549e+06,0,287.176,107.176,92.4866,87.5134,
0,31.5211,410278,5.49942,254.249,185.964,91.516,88.484,
0,34.8277,304094,5.62651,247.694,184.879,91.372,88.628,
0,34.4643,190062,5.83535,255.964,198.178,91.3865,88.6135,
0,19.1247,3.02053e+06,0,286.22,106.22,92.4991,87.5009,
0,31.1895,414640,5.50604,254.249,186.147,91.5321,88.4679,
0,34.4955,307023,5.63102,247.694,185.001,91.3852,88.6148,
0,34.1479,191823,5.84887,255.964,198.699,91.3993,88.6007,
0,19.0344,3.03488e+06,0,285.255,105.255,92.511,87.489,
0,30.858,419094,5.51305,254.249,186.34,91.5486,88.4514,
0,34.1633,310008,5.63576,247.694,185.128,91.3987,88.6013,
0,33.8326,193611,5.8629,255.964,199.25,91.4124,88.5876,
0,18.9494,3.04848e+06,0,284.281,104.281,92.5222,87.4778,
0,30.5267,423643,5.52048,254.249,186.546,91.5654,88.4346,
0,33.8312,313052,5.64072,247.694,185.262,91.4124,88.5876,
0,33.5183,195426,5.87744,255.964,199.832,91.4256,88.5744,
0,18.87,3.06132e+06,0,283.299,103.299,92.5329,87.4671,
0,30.1955,428289,5.52838,254.249,186.766,91.5825,88.4175,
0,33.4992,316154,5.64594,247.694,185.404,91.4264,88.5736,
0,33.2052,197269,5.89251,255.964,200.45,91.4391,88.5609,
0,18.7961,3.07335e+06,0,282.308,102.308,92.5428,87.4572,
0,29.8645,433037,5.53677,254.249,187.001,91.6001,88.3999,
0,33.1672,319318,5.65143,247.694,185.553,91.4407,88.5593,
0,32.8934,199139,5.90813,255.964,201.105,91.4527,88.5473,
0,18.7279,3.08454e+06,0,281.31,101.31,92.5521,87.4479,
0,29.5336,437888,5.54572,254.249,187.253,91.618,88.382,
0,32.8354,322546,5.65721,247.694,185.711,91.4553,88.5447,
0,32.5831,201035,5.92428,255.964,201.801,91.4666,88.5335,
0,18.6654,3.09486e+06,0,280.305,100.305,92.5606,87.4394,
0,29.2029,442846,5.55529,254.249,187.524,91.6363,88.3637,
0,32.5036,325838,5.66331,247.694,185.877,91.4701,88.5299,
0,32.2743,202959,5.94099,255.964,202.543,91.4806,88.5194,
0,18.6087,3.1043e+06,0,279.293,99.2933,92.5685,87.4315,
0,28.8725,447915,5.56552,254.249,187.815,91.6551,88.3449,
0,32.172,329197,5.66975,247.694,186.054,91.4853,88.5147,
0,31.9672,204909,5.95825,255.964,203.334,91.4948,88.5052,
0,18.5578,3.11281e+06,0,278.276,98.2759,92.5755,87.4245,
0,28.5423,453096,5.5765,254.249,188.13,91.6742,88.3258,
0,31.8405,332624,5.67657,247.694,186.242,91.5008,88.4992,
0,31.662,206884,5.97603,255.964,204.179,91.5092,88.4908,
0,18.5128,3.12038e+06,0,277.253,97.2532,92.5818,87.4182,
0,28.2124,458395,5.5883,254.249,188.471,91.6938,88.3062,
0,31.5091,336123,5.68379,247.694,186.442,91.5165,88.4834,
0,31.3589,208884,5.99431,255.964,205.084,91.5238,88.4762,
0,18.4737,3.12698e+06,0,276.226,96.2258,92.5872,87.4128,
0,27.8828,463814,5.60103,254.249,188.842,91.7138,88.2862,
0,31.1778,339694,5.69145,247.694,186.654,91.5327,88.4673,
0,31.0581,210907,6.01304,255.964,206.053,91.5386,88.4614,
0,18.4405,3.13261e+06,0,275.194,95.1944,92.5919,87.4081,
0,27.5535,469357,5.61478,254.249,189.246,91.7343,88.2657,
0,30.8467,343340,5.69959,247.694,186.882,91.5491,88.4509,
0,30.7598,212951,6.03217,255.964,207.096,91.5535,88.4465,
0,18.4134,3.13723e+06,0,274.16,94.1596,92.5957,87.4043,
0,27.2246,475026,5.62969,254.249,189.689,91.7553,88.2447,
0,30.5157,347064,5.70826,247.694,187.125,91.5659,88.4341,
0,30.4645,215016,6.05159,255.964,208.217,91.5686,88.4314,
0,18.3922,3.14084e+06,0,273.122,93.1221,92.5987,87.4013,
0,26.8962,480827,5.6459,254.249,190.176,91.7767,88.2233,
0,30.1849,350867,5.71751,247.694,187.386,91.5831,88.4169,
0,30.1723,217098,6.07116,255.964,209.427,91.5838,88.4162,
0,18.3771,3.14342e+06,0,272.083,92.0826,92.6008,87.3992,
0,26.5683,486761,5.66357,254.249,190.713,91.7987,88.2013,
0,29.8544,354752,5.7274,247.694,187.667,91.6006,88.3994,
0,29.8838,219194,6.09071,255.964,210.735,91.5991,88.4009,
0,18.368,3.14498e+06,0,271.042,91.0416,92.6021,87.3979,
0,26.2411,492831,5.68292,254.249,191.31,91.8211,88.1789,
0,29.524,358721,5.738,247.694,187.97,91.6185,88.3815,
0,29.5993,221301,6.10999,255.964,212.152,91.6144,88.3856,
0,18.0318,3.20362e+06,0,270,90,92.6507,87.3493,
0,25.993,497534,5.80352,254.249,195.255,91.8385,88.1615,
0,29.2488,362098,5.82795,247.694,190.62,91.6338,88.3662,
0,29.51,221971,6.15265,255.964,216.027,91.6193,88.3807,
0,17.6986,3.26394e+06,0,270,90,92.7006,87.2994,
0,26.0897,495691,5.89084,254.249,198.435,91.8317,88.1683,
0,29.3168,361258,5.90093,247.694,192.907,91.63,88.37,
0,29.7113,220467,6.17027,255.964,218.234,91.6083,88.3917,
0,17.3654,3.32656e+06,0,270,90,92.7525,87.2475,
0,26.2036,493536,5.96636,254.249,201.501,91.8237,88.1763,
0,29.3976,360264,5.96822,247.694,195.154,91.6255,88.3745,
0,29.9224,218911,6.18238,255.964,220.314,91.597,88.403,
0,17.0322,3.39164e+06,0,270,90,92.8064,87.1936,
0,26.3337,491097,6.0306,254.249,204.444,91.8147,88.1853,
0,29.491,359124,6.0298,247.694,197.354,91.6204,88.3796,
0,30.1425,217313,6.18978,255.964,222.274,91.5853,88.4147,
0,16.699,3.4593e+06,0,270,90,92.8624,87.1376,
0,26.4791,488400,6.08429,254.249,207.255,91.8047,88.1953,
0,29.5964,357845,6.08574,247.694,199.502,91.6146,88.3854,
0,30.3708,215680,6.1932,255.964,224.119,91.5734,88.4266,
0,16.3659,3.52971e+06,0,270,90,92.9207,87.0793,
0,26.6388,485474,6.12831,254.249,209.932,91.7939,88.2061,
0,29.7134,356435,6.13617,247.694,201.595,91.6082,88.3918,
0,30.6065,214018,6.19326,255.964,225.855,91.5613,88.4387,
0,16.0328,3.60305e+06,0,270,90,92.9815,87.0185,
0,26.8115,482345,6.16359,254.249,212.471,91.7823,88.2177,
0,29.8417,354903,6.18127,247.694,203.629,91.6013,88.3987,
0,30.8491,212335,6.19052,255.964,227.49,91.549,88.451,
0,15.6997,3.6795e+06,0,270,90,93.0448,86.9552,
0,26.9964,479042,6.19111,254.249,214.875,91.7701,88.2299,
0,29.9806,353259,6.22128,247.694,205.602,91.5939,88.4061,
0,31.0979,210636,6.18546,255.964,229.028,91.5366,88.4634,
0,15.3666,3.75926e+06,0,270,90,93.1108,86.8892,
0,27.1925,475588,6.2118,254.249,217.147,91.7574,88.2426,
0,30.1297,351511,6.25646,247.694,207.512,91.586,88.414,
0,31.3525,208927,6.17851,255.964,230.477,91.5241,88.4759,
0,15.0335,3.84254e+06,0,270,90,93.1798,86.8202,
0,27.3988,472007,6.22657,254.249,219.289,91.7441,88.2559,
0,30.2884,349668,6.28711,247.694,209.358,91.5777,88.4223,
0,31.6122,207210,6.17002,255.964,231.843,91.5116,88.4884,
0,14.7005,3.92959e+06,0,270,90,93.2519,86.7481,
0,27.6145,468321,6.23624,254.249,221.309,91.7305,88.2695,
0,30.4564,347740,6.31353,247.694,211.139,91.569,88.431,
0,31.8767,205490,6.1603,255.964,233.13,91.4991,88.5009,
0,14.3675,4.02068e+06,0,270,90,93.3274,86.6726,
0,27.8387,464548,6.24158,254.249,223.21,91.7166,88.2834,
0,30.6331,345734,6.33604,247.694,212.856,91.5599,88.4401,
0,32.1456,203772,6.14959,255.964,234.345,91.4865,88.5135,
0,14.0345,4.11607e+06,0,270,90,93.4064,86.5936,
0,28.0708,460707,6.24325,254.249,225,91.7024,88.2976,
0,30.8181,343659,6.35494,247.694,214.509,91.5506,88.4494,
0,32.4185,202056,6.13813,255.964,235.491,91.474,88.526,
0,13.7015,4.2161e+06,0,270,90,93.4893,86.5107,
0,28.31,456814,6.24186,254.249,226.685,91.688,88.312,
0,31.0108,341523,6.37055,247.694,216.098,91.5409,88.4591,
0,32.695,200347,6.1261,255.964,236.575,91.4615,88.5385,
0,13.3686,4.32109e+06,0,270,90,93.5763,86.4237,
0,28.5558,452883,6.23791,254.249,228.27,91.6734,88.3266,
0,31.2108,339334,6.38317,247.694,217.626,91.531,88.469,
0,32.975,198646,6.11364,255.964,237.6,91.4491,88.5509,
0,13.0357,4.43145e+06,0,270,90,93.6678,86.3322,
0,28.8075,448925,6.23187,254.249,229.764,91.6588,88.3412,
0,31.4178,337099,6.39308,247.694,219.094,91.521,88.479,
0,33.258,196956,6.10089,255.964,238.57,91.4368,88.5632,
0,12.7028,4.54756e+06,0,270,90,93.764,86.236,
0,29.0647,444953,6.22412,254.249,231.17,91.6441,88.3559,
0,31.6313,334824,6.40054,247.694,220.503,91.5107,88.4893,
0,33.544,195277,6.08795,255.964,239.49,91.4245,88.5755,
0,12.37,4.66992e+06,0,270,90,93.8655,86.1345,
0,29.3268,440976,6.21499,254.249,232.496,91.6294,88.3706,
0,31.8508,332516,6.40582,247.694,221.855,91.5003,88.4997,
0,33.8326,193611,6.07491,255.964,240.362,91.4124,88.5876,
0,12.0372,4.79903e+06,0,270,90,93.9725,86.0275,
0,29.5936,437001,6.20475,254.249,233.746,91.6147,88.3853,
0,32.0761,330180,6.40913,247.694,223.152,91.4897,88.5103,
0,34.1236,191960,6.06185,255.964,241.189,91.4003,88.5997,
0,11.7045,4.93546e+06,0,270,90,94.0856,85.9144,
0,29.8645,433037,6.19366,254.249,234.926,91.6001,88.3999,
0,32.3068,327822,6.41071,247.694,224.397,91.4791,88.5209,
0,34.4169,190324,6.04882,255.964,241.975,91.3884,88.6116,
0,11.3718,5.07984e+06,0,270,90,94.2054,85.7946,
0,30.1392,429089,6.1819,254.249,236.041,91.5855,88.4145,
0,32.5426,325448,6.41075,247.694,225.591,91.4684,88.5316,
0,34.7123,188704,6.03587,255.964,242.723,91.3766,88.6234,
0,11.0392,5.23292e+06,0,270,90,94.3323,85.6677,
0,30.4175,425164,6.16964,254.249,237.095,91.571,88.429,
0,32.7831,323060,6.40943,247.694,226.736,91.4576,88.5424,
0,35.0096,187102,6.02305,255.964,243.435,91.3649,88.6351,
0,10.7066,5.39547e+06,0,270,90,94.4672,85.5328,
0,30.699,421265,6.15703,254.249,238.092,91.5566,88.4434,
0,33.0282,320663,6.40691,247.694,227.834,91.4468,88.5532,
0,35.3087,185517,6.01038,255.964,244.113,91.3533,88.6467,
0,10.3741,5.5684e+06,0,270,90,94.6106,85.3894,
0,30.9835,417396,6.14419,254.249,239.036,91.5423,88.4577,
0,33.2774,318261,6.40335,247.694,228.888,91.4359,88.564,
0,35.6096,183949,5.99788,255.964,244.759,91.3419,88.6581,
0,10.0416,5.75276e+06,0,270,90,94.7636,85.2364,
0,31.2708,413562,6.1312,254.249,239.931,91.5281,88.4719,
0,33.5305,315859,6.39887,247.694,229.899,91.4251,88.5749,
0,35.912,182400,5.98559,255.964,245.376,91.3306,88.6694,
0,9.70924,5.94969e+06,0,270,90,94.9271,85.0729,
0,31.5606,409764,6.11815,254.249,240.781,91.5141,88.4859,
0,33.7874,313457,6.3936,247.694,230.87,91.4143,88.5857,
0,36.2158,180870,5.97351,255.964,245.966,91.3194,88.6806,
0,9.37695,6.16053e+06,0,270,90,95.1022,84.8978,
0,31.8528,406006,6.1051,254.249,241.587,91.5002,88.4998,
0,34.0478,311060,6.38765,247.694,231.801,91.4035,88.5966,
0,36.5211,179358,5.96165,255.964,246.529,91.3084,88.6916,
0,9.04476,6.38679e+06,0,270,90,95.2901,84.7099,
0,32.1471,402288,6.09212,254.249,242.354,91.4864,88.5136,
0,34.3115,308669,6.3811,247.694,232.696,91.3927,88.6073,
0,36.8276,177865,5.95003,255.964,247.068,91.2975,88.7025,
0,8.71267,6.63023e+06,0,270,90,95.4923,84.5077,
0,32.4435,398614,6.07924,254.249,243.083,91.4729,88.5271,
0,34.5782,306288,6.37406,247.694,233.556,91.3819,88.6181,
0,37.1353,176392,5.93865,255.964,247.584,91.2867,88.7133,
0,8.38069,6.89286e+06,0,270,90,95.7106,84.2894,
0,32.7417,394982,6.06649,254.249,243.778,91.4594,88.5406,
0,34.8479,303918,6.3666,247.694,234.382,91.3712,88.6288,
0,37.4441,174937,5.92751,255.964,248.078,91.2761,88.7239,
0,8.04885,7.17704e+06,0,270,90,95.9469,84.0531,
0,33.0417,391396,6.05392,254.249,244.44,91.4462,88.5538,
0,35.1204,301560,6.35878,247.694,235.176,91.3606,88.6394,
0,37.754,173501,5.91661,255.964,248.552,91.2656,88.7343,
0,7.71716,7.48552e+06,0,270,90,96.2034,83.7966,
0,33.3433,387856,6.04153,254.249,245.072,91.4331,88.5669,
0,35.3954,299217,6.35066,247.694,235.939,91.35,88.65,
0,38.0649,172084,5.90596,255.964,249.007,91.2553,88.7447,
0,7.38564,7.82153e+06,0,270,90,96.4831,83.5169,
0,33.6465,384362,6.02935,254.249,245.674,91.4202,88.5798,
0,35.6728,296890,6.34231,247.694,236.674,91.3395,88.6605,
0,38.3767,170686,5.89555,255.964,249.444,91.2451,88.7549,
0,7.05431,8.18889e+06,0,270,90,96.789,83.211,
0,33.951,380914,6.01738,254.249,246.251,91.4075,88.5926,
0,35.9526,294580,6.33376,247.694,237.381,91.3291,88.6709,
0,38.6894,169306,5.88538,255.964,249.864,91.2351,88.765,
0,6.7232,8.59218e+06,0,270,90,97.125,82.875,
0,34.2569,377513,6.00565,254.249,246.801,91.3949,88.6051,
0,36.2345,292288,6.32506,247.694,238.062,91.3187,88.6813,
0,39.0029,167945,5.87545,255.964,250.267,91.2251,88.7749,
0,6.39234,9.0369e+06,0,270,90,97.4959,82.5041,
0,34.564,374159,5.99416,254.249,247.329,91.3825,88.6175,
0,36.5185,290014,6.31625,247.694,238.717,91.3085,88.6915,
0,39.3172,166603,5.86576,255.964,250.656,91.2153,88.7847,
0,6.06179,9.52969e+06,0,270,90,97.9072,82.0928,
0,34.8723,370851,5.9829,254.249,247.834,91.3703,88.6297,
0,36.8045,287761,6.30735,247.694,239.349,91.2983,88.7017,
0,39.6322,165279,5.85629,255.964,251.03,91.2057,88.7943,
0,5.73158,1.00787e+07,0,270,90,98.3659,81.6341,
0,35.1816,367590,5.97189,254.249,248.318,91.3582,88.6418,
0,37.0923,285529,6.29841,247.694,239.959,91.2882,88.7118,
0,39.9479,163972,5.84705,255.964,251.39,91.1961,88.8039,
0,5.40178,1.06941e+07,0,270,90,98.8807,81.1193,
0,35.492,364375,5.96112,254.249,248.782,91.3463,88.6537,
0,37.3818,283317,6.28943,247.694,240.546,91.2783,88.7217,
0,40.2643,162684,5.83803,255.964,251.737,91.1867,88.8133,
0,5.07248,1.13883e+07,0,270,90,99.4623,80.5377,
0,35.8033,361207,5.95059,254.249,249.228,91.3346,88.6654,
0,37.673,281127,6.28045,247.694,241.113,91.2684,88.7316,
0,40.5813,161413,5.82923,255.964,252.072,91.1775,88.8225,
0,4.74377,1.21774e+07,0,270,90,100.125,79.8753,
0,36.1156,358084,5.94031,254.249,249.656,91.3231,88.6769,
0,37.9658,278959,6.27149,247.694,241.661,91.2586,88.7414,
0,40.8989,160160,5.82064,255.964,252.395,91.1683,88.8317,
0,4.41579,1.30819e+07,0,270,90,100.886,79.1145,
0,36.4287,355006,5.93027,254.249,250.067,91.3117,88.6883,
0,38.26,276814,6.26255,247.694,242.19,91.2489,88.7511,
0,41.217,158924,5.81225,255.964,252.708,91.1593,88.8407,
0,4.08871,1.41284e+07,0,270,90,101.768,78.2317,
0,36.7426,351973,5.92046,254.249,250.463,91.3005,88.6995,
0,38.5557,274691,6.25366,247.694,242.7,91.2393,88.7607,
0,41.5357,157704,5.80406,255.964,253.009,91.1504,88.8496,
0,3.76277,1.53522e+07,0,270,90,102.804,77.1957,
0,37.0572,348985,5.91088,254.249,250.844,91.2895,88.7105,
0,38.8527,272591,6.24483,247.694,243.194,91.2299,88.7701,
0,41.8549,156502,5.79607,255.964,253.301,91.1416,88.8584,
0,3.4383,1.6801e+07,0,270,90,104.036,75.9638,
0,37.3726,346040,5.90154,254.249,251.211,91.2786,88.7214,
0,39.151,270515,6.23606,247.694,243.672,91.2205,88.7795,
0,42.1746,155315,5.78827,255.964,253.583,91.133,88.867,
0,3.11575,1.85403e+07,0,270,90,105.524,74.4759,
0,37.6886,343138,5.89241,254.249,251.565,91.2679,88.7322,
0,39.4505,268461,6.22737,247.694,244.134,91.2112,88.7888,
0,42.4947,154145,5.78066,255.964,253.856,91.1244,88.8756,
0,2.79578,2.06622e+07,0,270,90,107.354,72.646,
0,38.0053,340279,5.88351,254.249,251.906,91.2573,88.7427,
0,39.7511,266431,6.21877,247.694,244.581,91.2021,88.7979,
0,42.8153,152991,5.77322,255.964,254.12,91.116,88.884,
0,2.47939,2.32988e+07,0,270,90,109.654,70.3462,
0,38.3226,337462,5.87481,254.249,252.235,91.2469,88.7531,
0,40.0529,264423,6.21026,247.694,245.014,91.193,88.807,
0,43.1362,151853,5.76596,255.964,254.376,91.1077,88.8923,
0,2.16817,2.66432e+07,0,270,90,112.62,67.3801,
0,38.6405,334686,5.86633,254.249,252.553,91.2366,88.7634,
0,40.3557,262439,6.20184,247.694,245.433,91.184,88.816,
0,43.4576,150730,5.75887,255.964,254.624,91.0995,88.9005,
0,1.86468,3.09796e+07,0,270,90,116.565,63.435,
0,38.9589,331950,5.85805,254.249,252.86,91.2265,88.7735,
0,40.6594,260478,6.19353,247.694,245.839,91.1752,88.8248,
0,43.7794,149622,5.75194,255.964,254.864,91.0914,88.9086,
1,20.1696,2.86406e+06,0,294.444,114.444,92.3696,87.6304,
1,31.5119,410398,5.19176,256.728,179.946,91.5164,88.4836,
1,34.1962,187629,5.55649,258.275,191.123,91.3974,88.6026,
1,20.034,2.88345e+06,0,293.575,113.575,92.3856,87.6144,
1,31.1785,414787,5.19166,256.728,179.945,91.5326,88.4674,
1,33.8691,189441,5.56593,258.275,191.417,91.4109,88.5891,
1,19.903,2.90242e+06,0,292.694,112.694,92.4013,87.5987,
1,30.845,419271,5.19156,256.728,179.943,91.5492,88.4508,
1,33.5424,191286,5.5758,258.275,191.725,91.4246,88.5754,
1,19.7769,2.92094e+06,0,291.801,111.801,92.4166,87.5834,
1,30.5116,423853,5.19145,256.728,179.942,91.5661,88.4339,
1,33.2161,193165,5.58612,258.275,192.051,91.4386,88.5614,
1,19.6555,2.93897e+06,0,290.898,110.898,92.4316,87.5684,
1,30.1781,428536,5.19134,256.728,179.94,91.5835,88.4165,
1,32.8902,195079,5.59692,258.275,192.395,91.4529,88.5471,
1,19.5391,2.95647e+06,0,289.983,109.983,92.4461,87.5539,
1,29.8447,433323,5.19122,256.728,179.938,91.6012,88.3989,
1,32.5648,197029,5.60824,258.275,192.759,91.4674,88.5326,
1,19.4278,2.97342e+06,0,289.058,109.058,92.4601,87.5399,
1,29.5113,438219,5.19109,256.728,179.936,91.6192,88.3808,
1,32.2398,199015,5.62011,258.275,193.144,91.4822,88.5178,
1,19.3215,2.98977e+06,0,288.122,108.122,92.4736,87.5264,
1,29.1778,443227,5.19096,256.728,179.934,91.6377,88.3622,
1,31.9153,201038,5.63256,258.275,193.553,91.4972,88.5028,
1,19.2205,3.00549e+06,0,287.176,107.176,92.4866,87.5134,
1,28.8444,448351,5.19082,256.728,179.932,91.6567,88.3433,
1,31.5915,203099,5.64564,258.275,193.988,91.5126,88.4874,
1,19.1247,3.02053e+06,0,286.22,106.22,92.4991,87.5009,
1,28.511,453594,5.19067,256.728,179.93,91.6761,88.3239,
1,31.2682,205199,5.65939,258.275,194.451,91.5282,88.4718,
1,19.0344,3.03488e+06,0,285.255,105.255,92.511,87.489,
1,28.1776,458961,5.19052,256.728,179.927,91.6959,88.3041,
1,30.9457,207337,5.67386,258.275,194.945,91.5442,88.4558,
1,18.9494,3.04848e+06,0,284.281,104.281,92.5222,87.4778,
1,27.8442,464457,5.19035,256.728,179.924,91.7162,88.2838,
1,30.6239,209516,5.68908,258.275,195.473,91.5604,88.4396,
1,18.87,3.06132e+06,0,283.299,103.299,92.5329,87.4671,
1,27.5107,470086,5.19017,256.728,179.922,91.737,88.263,
1,30.303,211734,5.70512,258.275,196.039,91.5769,88.4231,
1,18.7961,3.07335e+06,0,282.308,102.308,92.5428,87.4572,
1,27.1773,475853,5.18999,256.728,179.918,91.7583,88.2417,
1,29.9831,213994,5.72203,258.275,196.647,91.5938,88.4062,
1,18.7279,3.08454e+06,0,281.31,101.31,92.5521,87.4479,
1,26.8439,481763,5.18979,256.728,179.915,91.7802,88.2198,
1,29.6642,216295,5.73987,258.275,197.301,91.6109,88.3891,
1,18.6654,3.09486e+06,0,280.305,100.305,92.5606,87.4394,
1,26.5105,487822,5.18957,256.728,179.911,91.8026,88.1974,
1,29.3464,218636,5.75868,258.275,198.006,91.6283,88.3717,
1,18.6087,3.1043e+06,0,279.293,99.2933,92.5685,87.4315,
1,26.1771,494035,5.18934,256.728,179.907,91.8255,88.1745,
1,29.03,221019,5.77853,258.275,198.77,91.6461,88.3539,
1,18.5578,3.11281e+06,0,278.276,98.2759,92.5755,87.4245,
1,25.8437,500408,5.18909,256.728,179.903,91.8491,88.1509,
1,28.7151,223443,5.79948,258.275,199.598,91.6642,88.3358,
1,18.5128,3.12038e+06,0,277.253,97.2532,92.5818,87.4182,
1,25.5104,506947,5.18881,256.728,179.898,91.8733,88.1267,
1,28.4019,225908,5.82156,258.275,200.5,91.6825,88.3175,
1,18.4737,3.12698e+06,0,276.226,96.2258,92.5872,87.4128,
1,25.177,513661,5.18852,256.728,179.893,91.8981,88.1019,
1,28.0906,228411,5.84481,258.275,201.485,91.7012,88.2988,
1,18.4405,3.13261e+06,0,275.194,95.1944,92.5919,87.4081,
1,24.8436,520553,5.1882,256.728,179.887,91.9236,88.0764,
1,27.7815,230952,5.86926,258.275,202.564,91.7201,88.2799,
1,18.4134,3.13723e+06,0,274.16,94.1596,92.5957,87.4043,
1,24.5102,527634,5.18784,256.728,179.88,91.9497,88.0502,
1,27.4749,233529,5.89488,258.275,203.75,91.7393,88.2607,
1,18.3922,3.14084e+06,0,273.122,93.1221,92.5987,87.4013,
1,24.1768,534909,5.18745,256.728,179.872,91.9766,88.0234,
1,27.1713,236139,5.92162,258.275,205.059,91.7587,88.2413,
1,18.3771,3.14342e+06,0,272.083,92.0826,92.6008,87.3992,
1,23.8435,542388,5.18701,256.728,179.864,92.0043,87.9957,
1,26.871,238778,5.94936,258.275,206.511,91.7784,88.2216,
1,18.368,3.14498e+06,0,271.042,91.0416,92.6021,87.3979,
1,23.5101,550078,5.18652,256.728,179.854,92.0327,87.9673,
1,26.5748,241439,5.97784,258.275,208.126,91.7982,88.2018,
1,18.0318,3.20362e+06,0,270,90,92.6507,87.3493,
1,23.1887,557703,5.36081,256.728,184.255,92.0609,87.9391,
1,26.4107,407834,5.49774,249.579,182.698,91.8094,88.1906,
1,17.6986,3.26394e+06,0,270,90,92.7006,87.2994,
1,23.2261,556805,5.51898,256.728,188.616,92.0576,87.9424,
1,26.4345,407467,5.60386,249.579,185.483,91.8078,88.1922,
1,17.3654,3.32656e+06,0,270,90,92.7525,87.2475,
1,23.2883,555318,5.65858,256.728,192.88,92.0521,87.9479,
1,26.4743,406854,5.70301,249.579,188.242,91.8051,88.1949,
1,17.0322,3.39164e+06,0,270,90,92.8064,87.1936,
1,23.3743,553274,5.77874,256.728,197.003,92.0445,87.9555,
1,26.5299,406001,5.79473,249.579,190.964,91.8013,88.1987,
1,16.699,3.4593e+06,0,270,90,92.8624,87.1376,
1,23.4828,550719,5.87958,256.728,200.953,92.0351,87.9649,
1,26.601,404916,5.87874,249.579,193.636,91.7964,88.2035,
1,16.3659,3.52971e+06,0,270,90,92.9207,87.0793,
1,23.6122,547701,5.96198,256.728,204.705,92.0239,87.9761,
1,26.687,403612,5.95491,249.579,196.249,91.7907,88.2093,
1,16.0328,3.60305e+06,0,270,90,92.9815,87.0185,
1,23.7609,544273,6.02744,256.728,208.245,92.0113,87.9887,
1,26.7874,402099,6.02327,249.579,198.794,91.7839,88.216,
1,15.6997,3.6795e+06,0,270,90,93.0448,86.9552,
1,23.9271,540492,6.07778,256.728,211.564,91.9973,88.0027,
1,26.9016,400392,6.08399,249.579,201.265,91.7764,88.2236,
1,15.3666,3.75926e+06,0,270,90,93.1108,86.8892,
1,24.1093,536407,6.11497,256.728,214.662,91.9822,88.0178,
1,27.029,398504,6.13733,249.579,203.656,91.768,88.232,
1,15.0335,3.84254e+06,0,270,90,93.1798,86.8202,
1,24.3058,532071,6.14097,256.728,217.546,91.9661,88.0339,
1,27.1689,396452,6.18368,249.579,205.962,91.7589,88.2411,
1,14.7005,3.92959e+06,0,270,90,93.2519,86.7481,
1,24.5152,527527,6.15762,256.728,220.222,91.9494,88.0506,
1,27.3207,394249,6.22347,249.579,208.182,91.7491,88.2509,
1,14.3675,4.02068e+06,0,270,90,93.3274,86.6726,
1,24.7359,522819,6.16659,256.728,222.703,91.9319,88.068,
1,27.4836,391912,6.25716,249.579,210.313,91.7387,88.2613,
1,14.0345,4.11607e+06,0,270,90,93.4064,86.5936,
1,24.9669,517982,6.16933,256.728,225,91.9141,88.0859,
1,27.657,389455,6.28528,249.579,212.355,91.7278,88.2722,
1,13.7015,4.2161e+06,0,270,90,93.4893,86.5107,
1,25.2071,513047,6.1671,256.728,227.127,91.8958,88.1042,
1,27.8403,386892,6.30831,249.579,214.309,91.7165,88.2835,
1,13.3686,4.32109e+06,0,270,90,93.5763,86.4237,
1,25.4553,508044,6.16095,256.728,229.096,91.8773,88.1227,
1,28.0327,384236,6.32676,249.579,216.176,91.7047,88.2953,
1,13.0357,4.43145e+06,0,270,90,93.6678,86.3322,
1,25.7107,502997,6.15175,256.728,230.921,91.8587,88.1413,
1,28.2337,381501,6.34111,249.579,217.958,91.6925,88.3075,
1,12.7028,4.54756e+06,0,270,90,93.764,86.236,
1,25.9726,497924,6.14021,256.728,232.612,91.8399,88.1601,
1,28.4427,378698,6.35182,249.579,219.658,91.6801,88.3199,
1,12.37,4.66992e+06,0,270,90,93.8655,86.1345,
1,26.2403,492845,6.12693,256.728,234.183,91.8212,88.1788,
1,28.6591,375838,6.35931,249.579,221.278,91.6674,88.3326,
1,12.0372,4.79903e+06,0,270,90,93.9725,86.0275,
1,26.5131,487774,6.11237,256.728,235.643,91.8024,88.1976,
1,28.8824,372932,6.36398,249.579,222.821,91.6545,88.3455,
1,11.7045,4.93546e+06,0,270,90,94.0856,85.9144,
1,26.7906,482722,6.09692,256.728,237.001,91.7837,88.2163,
1,29.1122,369988,6.36618,249.579,224.291,91.6414,88.3586,
1,11.3718,5.07984e+06,0,270,90,94.2054,85.7946,
1,27.0722,477700,6.08086,256.728,238.267,91.7652,88.2348,
1,29.3479,367016,6.36623,249.579,225.691,91.6283,88.3717,
1,11.0392,5.23292e+06,0,270,90,94.3323,85.6677,
1,27.3576,472717,6.06445,256.728,239.449,91.7467,88.2533,
1,29.5892,364023,6.36443,249.579,227.025,91.615,88.385,
1,10.7066,5.39547e+06,0,270,90,94.4672,85.5328,
1,27.6464,467780,6.04788,256.728,240.553,91.7285,88.2715,
1,29.8357,361016,6.36105,249.579,228.295,91.6016,88.3984,
1,10.3741,5.5684e+06,0,270,90,94.6106,85.3894,
1,27.9382,462894,6.03128,256.728,241.587,91.7104,88.2896,
1,30.087,358001,6.3563,249.579,229.504,91.5882,88.4118,
1,10.0416,5.75276e+06,0,270,90,94.7636,85.2364,
1,28.2328,458064,6.01478,256.728,242.556,91.6926,88.3074,
1,30.3427,354984,6.3504,249.579,230.657,91.5749,88.4251,
1,9.70924,5.94969e+06,0,270,90,94.9271,85.0729,
1,28.5299,453293,5.99846,256.728,243.466,91.675,88.325,
1,30.6026,351969,6.34353,249.579,231.756,91.5615,88.4385,
1,9.37695,6.16053e+06,0,270,90,95.1022,84.8978,
1,28.8293,448585,5.98239,256.728,244.322,91.6576,88.3424,
1,30.8664,348961,6.33584,249.579,232.804,91.5481,88.4519,
1,9.04476,6.38679e+06,0,270,90,95.2901,84.7099,
1,29.1308,443942,5.96663,256.728,245.127,91.6404,88.3596,
1,31.1338,345964,6.32748,249.579,233.803,91.5348,88.4652,
1,8.71267,6.63023e+06,0,270,90,95.4923,84.5077,
1,29.4343,439366,5.95119,256.728,245.887,91.6235,88.3765,
1,31.4045,342982,6.31856,249.579,234.757,91.5216,88.4784,
1,8.38069,6.89286e+06,0,270,90,95.7106,84.2894,
1,29.7395,434857,5.93612,256.728,246.604,91.6068,88.3932,
1,31.6784,340017,6.3092,249.579,235.669,91.5084,88.4916,
1,8.04885,7.17704e+06,0,270,90,95.9469,84.0531,
1,30.0463,430417,5.92143,256.728,247.282,91.5904,88.4096,
1,31.9551,337072,6.29948,249.579,236.539,91.4954,88.5046,
1,7.71716,7.48552e+06,0,270,90,96.2034,83.7966,
1,30.3545,426045,5.90713,256.728,247.923,91.5742,88.4258,
1,32.2347,334149,6.28948,249.579,237.372,91.4824,88.5176,
1,7.38564,7.82153e+06,0,270,90,96.4831,83.5169,
1,30.6642,421743,5.89322,256.728,248.531,91.5583,88.4417,
1,32.5167,331250,6.27927,249.579,238.168,91.4695,88.5305,
1,7.05431,8.18889e+06,0,270,90,96.789,83.211,
1,30.9751,417510,5.87971,256.728,249.108,91.5427,88.4573,
1,32.8012,328377,6.26892,249.579,238.93,91.4568,88.5432,
1,6.7232,8.59218e+06,0,270,90,97.125,82.875,
1,31.2872,413345,5.86658,256.728,249.656,91.5273,88.4727,
1,33.0879,325532,6.25847,249.579,239.66,91.4442,88.5558,
1,6.39234,9.0369e+06,0,270,90,97.4959,82.5041,
1,31.6004,409249,5.85385,256.728,250.177,91.5122,88.4878,
1,33.3767,322715,6.24796,249.579,240.359,91.4317,88.5683,
1,6.06179,9.52969e+06,0,270,90,97.9072,82.0928,
1,31.9146,405220,5.8415,256.728,250.673,91.4973,88.5027,
1,33.6675,319927,6.23743,249.579,241.03,91.4193,88.5807,
1,5.73158,1.00787e+07,0,270,90,98.3659,81.6341,
1,32.2297,401258,5.82952,256.728,251.146,91.4826,88.5174,
1,33.9602,317170,6.22692,249.579,241.673,91.4071,88.5929,
1,5.40178,1.06941e+07,0,270,90,98.8807,81.1193,
1,32.5457,397362,5.8179,256.728,251.596,91.4682,88.5318,
1,34.2546,314445,6.21645,249.579,242.291,91.395,88.605,
1,5.07248,1.13883e+07,0,270,90,99.4623,80.5377,
1,32.8625,393531,5.80663,256.728,252.027,91.4541,88.5459,
1,34.5506,311751,6.20605,249.579,242.885,91.383,88.617,
1,4.74377,1.21774e+07,0,270,90,100.125,79.8753,
1,33.18,389765,5.79571,256.728,252.438,91.4402,88.5598,
1,34.8482,309089,6.19573,249.579,243.455,91.3712,88.6288,
1,4.41579,1.30819e+07,0,270,90,100.886,79.1145,
1,33.4983,386062,5.78512,256.728,252.832,91.4265,88.5735,
1,35.1472,306459,6.18551,249.579,244.003,91.3595,88.6405,
1,4.08871,1.41284e+07,0,270,90,101.768,78.2317,
1,33.8172,382421,5.77485,256.728,253.209,91.413,88.587,
1,35.4476,303862,6.1754,249.579,244.531,91.348,88.652,
1,3.76277,1.53522e+07,0,270,90,102.804,77.1957,
1,34.1368,378841,5.76489,256.728,253.57,91.3998,88.6002,
1,35.7493,301298,6.16542,249.579,245.039,91.3366,88.6634,
1,3.4383,1.6801e+07,0,270,90,104.036,75.9638,
1,34.4569,375321,5.75523,256.728,253.916,91.3868,88.6132,
1,36.0522,298766,6.15558,249.579,245.529,91.3254,88.6746,
1,3.11575,1.85403e+07,0,270,90,105.524,74.4759,
1,34.7776,371861,5.74586,256.728,254.249,91.374,88.626,
1,36.3563,296267,6.14587,249.579,246,91.3143,88.6857,
1,2.79578,2.06622e+07,0,270,90,107.354,72.646,
1,35.0988,368458,5.73676,256.728,254.568,91.3614,88.6386,
1,36.6615,293801,6.13631,249.579,246.455,91.3034,88.6966,
1,2.47939,2.32988e+07,0,270,90,109.654,70.3462,
1,35.4205,365111,5.72794,256.728,254.875,91.349,88.6509,
1,36.9677,291367,6.1269,249.579,246.894,91.2926,88.7074,
1,2.16817,2.66432e+07,0,270,90,112.62,67.3801,
1,35.7426,361821,5.71937,256.728,255.17,91.3369,88.6631,
1,37.2749,288965,6.11765,249.579,247.318,91.2819,88.7181,
1,1.86468,3.09796e+07,0,270,90,116.565,63.435,
1,36.0652,358584,5.71105,256.728,255.454,91.3249,88.6751,
1,37.5831,286596,6.10855,249.579,247.727,91.2714,88.7286,
2,20.1696,2.86406e+06,0,294.444,114.444,92.3696,87.6304,
2,28.9986,445966,4.84605,259.611,174.078,91.6479,88.3521,
2,31.4764,199088,5.31069,260.909,186.51,91.5181,88.4819,
2,20.034,2.88345e+06,0,293.575,113.575,92.3856,87.6144,
2,28.667,451125,4.83805,259.611,173.902,91.6669,88.3331,
2,31.1452,201206,5.31763,260.909,186.703,91.5343,88.4657,
2,19.903,2.90242e+06,0,292.694,112.694,92.4013,87.5987,
2,28.3356,456402,4.82955,259.611,173.716,91.6864,88.3136,
2,30.8141,203368,5.32496,260.909,186.908,91.5508,88.4492,
2,19.7769,2.92094e+06,0,291.801,111.801,92.4166,87.5834,
2,28.0042,461802,4.82048,259.611,173.518,91.7064,88.2936,
2,30.4832,205576,5.33271,260.909,187.126,91.5676,88.4324,
2,19.6555,2.93897e+06,0,290.898,110.898,92.4316,87.5684,
2,27.673,467330,4.8108,259.611,173.307,91.7268,88.2732,
2,30.1524,207831,5.34092,260.909,187.357,91.5848,88.4152,
2,19.5391,2.95647e+06,0,289.983,109.983,92.4461,87.5539,
2,27.3419,472988,4.80045,259.611,173.081,91.7477,88.2522,
2,29.8218,210135,5.34963,260.909,187.604,91.6024,88.3976,
2,19.4278,2.97342e+06,0,289.058,109.058,92.4601,87.5399,
2,27.011,478782,4.78934,259.611,172.84,91.7692,88.2308,
2,29.4914,212489,5.35889,260.909,187.869,91.6203,88.3797,
2,19.3215,2.98977e+06,0,288.122,108.122,92.4736,87.5264,
2,26.6803,484717,4.7774,259.611,172.582,91.7911,88.2089,
2,29.1612,214895,5.36875,260.909,188.152,91.6387,88.3613,
2,19.2205,3.00549e+06,0,287.176,107.176,92.4866,87.5134,
2,26.3498,490797,4.76452,259.611,172.305,91.8136,88.1864,
2,28.8313,217354,5.37928,260.909,188.456,91.6574,88.3426,
2,19.1247,3.02053e+06,0,286.22,106.22,92.4991,87.5009,
2,26.0196,497026,4.75061,259.611,172.006,91.8366,88.1634,
2,28.5016,219868,5.39053,260.909,188.783,91.6766,88.3234,
2,19.0344,3.03488e+06,0,285.255,105.255,92.511,87.489,
2,25.6895,503412,4.73552,259.611,171.683,91.8602,88.1398,
2,28.1723,222438,5.40258,260.909,189.137,91.6962,88.3038,
2,18.9494,3.04848e+06,0,284.281,104.281,92.5222,87.4778,
2,25.3598,509957,4.7191,259.611,171.334,91.8844,88.1156,
2,27.8433,225067,5.41552,260.909,189.52,91.7163,88.2837,
2,18.87,3.06132e+06,0,283.299,103.299,92.5329,87.4671,
2,25.0304,516668,4.70117,259.611,170.953,91.9092,88.0908,
2,27.5147,227755,5.42944,260.909,189.936,91.7368,88.2632,
2,18.7961,3.07335e+06,0,282.308,102.308,92.5428,87.4572,
2,24.7014,523551,4.68151,259.611,170.539,91.9347,88.0653,
2,27.1865,230504,5.44447,260.909,190.39,91.7578,88.2422,
2,18.7279,3.08454e+06,0,281.31,101.31,92.5521,87.4479,
2,24.3727,530610,4.65988,259.611,170.085,91.9608,88.0392,
2,26.8588,233316,5.46072,260.909,190.886,91.7792,88.2208,
2,18.6654,3.09486e+06,0,280.305,100.305,92.5606,87.4394,
2,24.0446,537975,4.63595,259.611,169.585,91.9875,88.0125,
2,26.5317,236193,5.47834,260.909,191.432,91.8011,88.1989,
2,18.6087,3.1043e+06,0,279.293,99.2933,92.5685,87.4315,
2,23.717,548106,4.60936,259.611,169.033,92.015,87.985,
2,26.2053,239135,5.49751,260.909,192.035,91.8236,88.1764,
2,18.5578,3.11281e+06,0,278.276,98.2759,92.5755,87.4245,
2,23.3901,558825,4.57963,259.611,168.421,92.0432,87.9568,
2,25.8796,242144,5.51842,260.909,192.704,91.8465,88.1535,
2,18.5128,3.12038e+06,0,277.253,97.2532,92.5818,87.4182,
2,23.0639,570210,4.5462,259.611,167.737,92.0721,87.9279,
2,25.5548,245221,5.5413,260.909,193.45,91.87,88.13,
2,18.4737,3.12698e+06,0,276.226,96.2258,92.5872,87.4128,
2,22.7387,582360,4.50835,259.611,166.968,92.1017,87.8983,
2,25.2312,248367,5.5664,260.909,194.287,91.894,88.106,
2,18.4405,3.13261e+06,0,275.194,95.1944,92.5919,87.4081,
2,22.4145,595398,4.46516,259.611,166.099,92.1321,87.8679,
2,24.9088,251582,5.59403,260.909,195.232,91.9185,88.0815,
2,18.4134,3.13723e+06,0,274.16,94.1596,92.5957,87.4043,
2,22.0916,609483,4.41546,259.611,165.108,92.1633,87.8367,
2,24.5879,254865,5.62452,260.909,196.308,91.9436,88.0564,
2,18.3922,3.14084e+06,0,273.122,93.1221,92.5987,87.4013,
2,21.7703,624816,4.35773,259.611,163.97,92.1952,87.8048,
2,24.269,258214,5.65823,260.909,197.542,91.9691,88.0309,
2,18.3771,3.14342e+06,0,272.083,92.0826,92.6008,87.3992,
2,21.451,641665,4.28996,259.611,162.648,92.2279,87.7721,
2,23.9524,261627,5.69556,260.909,198.971,91.9952,88.0048,
2,18.368,3.14498e+06,0,271.042,91.0416,92.6021,87.3979,
2,21.1342,660388,4.20941,259.611,161.098,92.2613,87.7386,
2,23.6387,265099,5.73686,260.909,200.643,92.0217,87.9783,
2,18.0318,3.20362e+06,0,270,90,92.6507,87.3493,
2,20.7176,652010,4.39684,259.611,164.747,92.3069,87.6931,
2,23.4704,267000,5.88094,260.909,207.598,92.0362,87.9638,
2,17.6986,3.26394e+06,0,270,90,92.7006,87.2994,
2,20.6461,626384,4.68043,259.611,170.54,92.3148,87.6852,
2,23.6366,265123,5.95023,260.909,212.162,92.0218,87.9782,
2,17.3654,3.32656e+06,0,270,90,92.7525,87.2475,
2,20.6086,627526,4.95302,259.611,176.534,92.3191,87.6809,
2,23.8243,263034,5.99536,260.909,216.311,92.0059,87.9941,
2,17.0322,3.39164e+06,0,270,90,92.8064,87.1936,
2,20.6061,627602,5.20447,259.611,182.605,92.3193,87.6807,
2,23.7237,463064,5.39218,251.78,181.451,92.0144,87.9856,
2,16.699,3.4593e+06,0,270,90,92.8624,87.1376,
2,20.6387,626610,5.42633,259.611,188.617,92.3157,87.6843,
2,23.742,462708,5.52314,251.78,184.825,92.0129,87.9871,
2,16.3659,3.52971e+06,0,270,90,92.9207,87.0793,
2,20.7054,624591,5.61325,259.611,194.446,92.3082,87.6918,
2,23.7797,461974,5.64413,251.78,188.165,92.0097,87.9903,
2,16.0328,3.60305e+06,0,270,90,92.9815,87.0185,
2,20.8042,621626,5.76343,259.611,199.984,92.2972,87.7028,
2,23.8365,460873,5.75429,251.78,191.45,92.0049,87.9951,
2,15.6997,3.6795e+06,0,270,90,93.0448,86.9552,
2,20.9322,617823,5.87831,259.611,205.16,92.2832,87.7168,
2,23.9118,459421,5.85314,251.78,194.661,91.9986,88.0014,
2,15.3666,3.75926e+06,0,270,90,93.1108,86.8892,
2,21.0865,613302,5.96162,259.611,209.932,92.2665,87.7335,
2,24.005,457638,5.94054,251.78,197.781,91.9908,88.0092,
2,15.0335,3.84254e+06,0,270,90,93.1798,86.8202,
2,21.2638,608189,6.0182,259.611,214.287,92.2476,87.7524,
2,24.1151,455548,6.01665,251.78,200.795,91.9817,88.0183,
2,14.7005,3.92959e+06,0,270,90,93.2519,86.7481,
2,21.4611,602599,6.05317,259.611,218.234,92.2269,87.7731,
2,24.2414,453175,6.08192,251.78,203.693,91.9714,88.0286,
2,14.3675,4.02068e+06,0,270,90,93.3274,86.6726,
2,21.6755,596638,6.07125,259.611,221.795,92.2049,87.7951,
2,24.3827,450548,6.13697,251.78,206.469,91.9599,88.0401,
2,14.0345,4.11607e+06,0,270,90,93.4064,86.5936,
2,21.9046,590398,6.07656,259.611,225,92.1818,87.8182,
2,24.5382,447693,6.18259,251.78,209.117,91.9475,88.0525,
2,13.7015,4.2161e+06,0,270,90,93.4893,86.5107,
2,22.1462,583956,6.07244,259.611,227.883,92.158,87.842,
2,24.7068,444638,6.21963,251.78,211.635,91.9342,88.0658,
2,13.3686,4.32109e+06,0,270,90,93.5763,86.4237,
2,22.3985,577378,6.06154,259.611,230.477,92.1337,87.8664,
2,24.8876,441408,6.24898,251.78,214.024,91.9202,88.0798,
2,13.0357,4.43145e+06,0,270,90,93.6678,86.3322,
2,22.66,570716,6.04589,259.611,232.815,92.109,87.891,
2,25.0796,438029,6.27153,251.78,216.285,91.9055,88.0945,
2,12.7028,4.54756e+06,0,270,90,93.764,86.236,
2,22.9293,564014,6.02705,259.611,234.926,92.0842,87.9158,
2,25.2819,434524,6.28814,251.78,218.423,91.8902,88.1098,
2,12.37,4.66992e+06,0,270,90,93.8655,86.1345,
2,23.2053,557305,6.00616,259.611,236.836,92.0594,87.9406,
2,25.4937,430914,6.29959,251.78,220.442,91.8745,88.1255,
2,12.0372,4.79903e+06,0,270,90,93.9725,86.0275,
2,23.4871,550618,5.98408,259.611,238.57,92.0347,87.9653,
2,25.7142,427220,6.30662,251.78,222.346,91.8584,88.1416,
2,11.7045,4.93546e+06,0,270,90,94.0856,85.9144,
2,23.7739,543975,5.96141,259.611,240.148,92.0102,87.9898,
2,25.9426,423458,6.30988,251.78,224.141,91.8421,88.1579,
2,11.3718,5.07984e+06,0,270,90,94.2054,85.7946,
2,24.0651,537392,5.9386,259.611,241.587,91.9858,88.0142,
2,26.1783,419645,6.30996,251.78,225.834,91.8255,88.1745,
2,11.0392,5.23292e+06,0,270,90,94.3323,85.6677,
2,24.3602,530884,5.91597,259.611,242.904,91.9618,88.0382,
2,26.4207,415795,6.30737,251.78,227.429,91.8087,88.1913,
2,10.7066,5.39547e+06,0,270,90,94.4672,85.5328,
2,24.6585,524460,5.89373,259.611,244.113,91.938,88.062,
2,26.6692,411921,6.30257,251.78,228.934,91.7919,88.2081,
2,10.3741,5.5684e+06,0,270,90,94.6106,85.3894,
2,24.9599,518128,5.87203,259.611,245.224,91.9146,88.0854,
2,26.9233,408033,6.29595,251.78,230.352,91.7749,88.2251,
2,10.0416,5.75276e+06,0,270,90,94.7636,85.2364,
2,25.2638,511894,5.85098,259.611,246.25,91.8916,88.1084,
2,27.1825,404143,6.28783,251.78,231.691,91.758,88.242,
2,9.70924,5.94969e+06,0,270,90,94.9271,85.0729,
2,25.5701,505763,5.83063,259.611,247.199,91.8689,88.1311,
2,27.4464,400257,6.27851,251.78,232.955,91.7411,88.2589,
2,9.37695,6.16053e+06,0,270,90,95.1022,84.8978,
2,25.8784,499737,5.81101,259.611,248.078,91.8466,88.1534,
2,27.7146,396383,6.26823,251.78,234.149,91.7242,88.2758,
2,9.04476,6.38679e+06,0,270,90,95.2901,84.7099,
2,26.1886,493819,5.79214,259.611,248.895,91.8248,88.1752,
2,27.9868,392528,6.2572,251.78,235.279,91.7075,88.2925,
2,8.71267,6.63023e+06,0,270,90,95.4923,84.5077,
2,26.5004,488008,5.77401,259.611,249.655,91.8033,88.1967,
2,28.2626,388698,6.24559,251.78,236.347,91.6908,88.3092,
2,8.38069,6.89286e+06,0,270,90,95.7106,84.2894,
2,26.8137,482305,5.75661,259.611,250.365,91.7822,88.2178,
2,28.5418,384896,6.23355,251.78,237.359,91.6743,88.3257,
2,8.04885,7.17704e+06,0,270,90,95.9469,84.0531,
2,27.1284,476711,5.73993,259.611,251.029,91.7615,88.2385,
2,28.824,381127,6.22121,251.78,238.317,91.6579,88.3421,
2,7.71716,7.48552e+06,0,270,90,96.2034,83.7966,
2,27.4443,471224,5.72393,259.611,251.651,91.7412,88.2588,
2,29.1091,377394,6.20866,251.78,239.227,91.6416,88.3584,
2,7.38564,7.82153e+06,0,270,90,96.4831,83.5169,
2,27.7613,465843,5.7086,259.611,252.235,91.7213,88.2787,
2,29.3969,373699,6.19599,251.78,240.09,91.6255,88.3745,
2,7.05431,8.18889e+06,0,270,90,96.789,83.211,
2,28.0793,460568,5.69391,259.611,252.783,91.7018,88.2982,
2,29.6871,370046,6.18328,251.78,240.911,91.6096,88.3904,
2,6.7232,8.59218e+06,0,270,90,97.125,82.875,
2,28.3982,455395,5.67983,259.611,253.3,91.6827,88.3173,
2,29.9796,366436,6.17058,251.78,241.691,91.5939,88.4061,
2,6.39234,9.0369e+06,0,270,90,97.4959,82.5041,
2,28.718,450324,5.66632,259.611,253.788,91.664,88.336,
2,30.2742,362870,6.15795,251.78,242.434,91.5784,88.4216,
2,6.06179,9.52969e+06,0,270,90,97.9072,82.0928,
2,29.0385,445354,5.65338,259.611,254.248,91.6456,88.3544,
2,30.5707,359350,6.14541,251.78,243.142,91.5631,88.4369,
2,5.73158,1.00787e+07,0,270,90,98.3659,81.6341,
2,29.3598,440481,5.64095,259.611,254.684,91.6276,88.3724,
2,30.8691,355877,6.13301,251.78,243.816,91.548,88.452,
2,5.40178,1.06941e+07,0,270,90,98.8807,81.1193,
2,29.6817,435704,5.62903,259.611,255.097,91.6099,88.3901,
2,31.1691,352451,6.12077,251.78,244.46,91.5331,88.4669,
2,5.07248,1.13883e+07,0,270,90,99.4623,80.5377,
2,30.0042,431020,5.61758,259.611,255.489,91.5926,88.4074,
2,31.4708,349073,6.1087,251.78,245.075,91.5184,88.4816,
2,4.74377,1.21774e+07,0,270,90,100.125,79.8753,
2,30.3273,426429,5.60659,259.611,255.861,91.5757,88.4243,
2,31.7739,345743,6.09684,251.78,245.663,91.5039,88.4961,
2,4.41579,1.30819e+07,0,270,90,100.886,79.1145,
2,30.6508,421927,5.59602,259.611,256.214,91.559,88.441,
2,32.0784,342461,6.08518,251.78,246.225,91.4896,88.5104,
2,4.08871,1.41284e+07,0,270,90,101.768,78.2317,
2,30.9749,417513,5.58585,259.611,256.551,91.5427,88.4573,
2,32.3842,339227,6.07374,251.78,246.764,91.4756,88.5244,
2,3.76277,1.53522e+07,0,270,90,102.804,77.1957,
2,31.2994,413184,5.57608,259.611,256.872,91.5267,88.4733,
2,32.6912,336042,6.06252,251.78,247.279,91.4617,88.5383,
2,3.4383,1.6801e+07,0,270,90,104.036,75.9638,
2,31.6244,408938,5.56666,259.611,257.178,91.511,88.489,
2,32.9993,332904,6.05153,251.78,247.774,91.4481,88.5519,
2,3.11575,1.85403e+07,0,270,90,105.524,74.4759,
2,31.9497,404774,5.5576,259.611,257.471,91.4956,88.5044,
2,33.3085,329814,6.04078,251.78,248.248,91.4346,88.5654,
2,2.79578,2.06622e+07,0,270,90,107.354,72.646,
2,32.2754,400690,5.54886,259.611,257.751,91.4805,88.5195,
2,33.6187,326770,6.03025,251.78,248.704,91.4214,88.5786,
2,2.47939,2.32988e+07,0,270,90,109.654,70.3462,
2,32.6014,396683,5.54044,259.611,258.018,91.4657,88.5343,
2,33.9299,323774,6.01995,251.78,249.141,91.4083,88.5917,
2,2.16817,2.66432e+07,0,270,90,112.62,67.3801,
2,32.9278,392751,5.53232,259.611,258.275,91.4512,88.5488,
2,34.2419,320823,6.00989,251.78,249.562,91.3955,88.6045,
2,1.86468,3.09796e+07,0,270,90,116.565,63.435,
2,33.2544,388893,5.52448,259.611,258.52,91.4369,88.5631,
2,34.5548,317918,6.00005,251.78,249.967,91.3829,88.6171,
3,20.1696,2.86406e+06,0,294.444,114.444,92.3696,87.6304,
3,26.6831,511142,4.39677,262.985,167.045,91.7909,88.2091,
3,28.8993,211061,4.98137,263.927,180.73,91.6535,88.3465,
3,20.034,2.88345e+06,0,293.575,113.575,92.3856,87.6144,
3,26.3585,519378,4.37605,262.985,166.627,91.813,88.187,
3,28.5659,213525,4.98231,263.927,180.754,91.6728,88.3272,
3,19.903,2.90242e+06,0,292.694,112.694,92.4013,87.5987,
3,26.0344,527944,4.35388,262.985,166.182,91.8356,88.1644,
3,28.2325,216046,4.98332,263.927,180.78,91.6926,88.3074,
3,19.7769,2.92094e+06,0,291.801,111.801,92.4166,87.5834,
3,25.711,536866,4.33009,262.985,165.706,91.8587,88.1413,
3,27.8992,218628,4.9844,263.927,180.808,91.7128,88.2872,
3,19.6555,2.93897e+06,0,290.898,110.898,92.4316,87.5684,
3,25.3883,546171,4.30453,262.985,165.198,91.8823,88.1177,
3,27.5658,221272,4.98557,263.927,180.838,91.7336,88.2664,
3,19.5391,2.95647e+06,0,289.983,109.983,92.4461,87.5539,
3,25.0664,555892,4.27697,262.985,164.653,91.9065,88.0935,
3,27.2324,223981,4.98682,263.927,180.87,91.7548,88.2452,
3,19.4278,2.97342e+06,0,289.058,109.058,92.4601,87.5399,
3,24.7454,566066,4.24721,262.985,164.067,91.9312,88.0688,
3,26.899,226757,4.98818,263.927,180.905,91.7765,88.2235,
3,19.3215,2.98977e+06,0,288.122,108.122,92.4736,87.5264,
3,24.4253,576733,4.21496,262.985,163.436,91.9565,88.0435,
3,26.5657,229602,4.98965,263.927,180.943,91.7988,88.2012,
3,19.2205,3.00549e+06,0,287.176,107.176,92.4866,87.5134,
3,24.1063,587940,4.17992,262.985,162.755,91.9824,88.0176,
3,26.2323,232520,4.99126,263.927,180.984,91.8217,88.1783,
3,19.1247,3.02053e+06,0,286.22,106.22,92.4991,87.5009,
3,23.7886,599744,4.14172,262.985,162.017,92.0089,87.9911,
3,25.899,235512,4.99301,263.927,181.029,91.8452,88.1548,
3,19.0344,3.03488e+06,0,285.255,105.255,92.511,87.489,
3,23.4722,612205,4.09996,262.985,161.215,92.036,87.964,
3,25.5657,238583,4.99493,263.927,181.079,91.8692,88.1308,
3,18.9494,3.04848e+06,0,284.281,104.281,92.5222,87.4778,
3,23.1575,625399,4.05413,262.985,160.342,92.0637,87.9363,
3,25.2323,241735,4.99705,263.927,181.133,91.8939,88.1061,
3,18.87,3.06132e+06,0,283.299,103.299,92.5329,87.4671,
3,22.8445,639411,4.00365,262.985,159.387,92.092,87.908,
3,24.899,244971,4.99939,263.927,181.193,91.9193,88.0807,
3,18.7961,3.07335e+06,0,282.308,102.308,92.5428,87.4572,
3,22.5336,654345,3.94783,262.985,158.339,92.1209,87.8791,
3,24.5657,248294,5.00199,263.927,181.259,91.9453,88.0547,
3,18.7279,3.08454e+06,0,281.31,101.31,92.5521,87.4479,
3,22.225,670320,3.88585,262.985,157.185,92.1503,87.8497,
3,24.2324,251709,5.00491,263.927,181.334,91.9721,88.0279,
3,18.6654,3.09486e+06,0,280.305,100.305,92.5606,87.4394,
3,21.9192,687484,3.81671,262.985,155.909,92.1803,87.8197,
3,23.8992,255219,5.00819,263.927,181.418,91.9996,88.0004,
3,18.6087,3.1043e+06,0,279.293,99.2933,92.5685,87.4315,
3,21.6166,706012,3.73925,262.985,154.491,92.2109,87.7891,
3,23.5659,258828,5.01192,263.927,181.513,92.0279,87.9721,
3,18.5578,3.11281e+06,0,278.276,98.2759,92.5755,87.4245,
3,21.3178,726119,3.65204,262.985,152.91,92.2419,87.7581,
3,23.2327,262541,5.01619,263.927,181.622,92.057,87.943,
3,18.5128,3.12038e+06,0,277.253,97.2532,92.5818,87.4182,
3,21.0234,748067,3.55337,262.985,151.137,92.2733,87.7267,
3,22.8995,266361,5.02111,263.927,181.748,92.087,87.9131,
3,18.4737,3.12698e+06,0,276.226,96.2258,92.5872,87.4128,
3,20.7343,772180,3.44118,262.985,149.141,92.305,87.695,
3,22.5663,270293,5.02685,263.927,181.894,92.1178,87.8822,
3,18.4405,3.13261e+06,0,275.194,95.1944,92.5919,87.4081,
3,20.4515,798860,3.31302,262.985,146.88,92.3369,87.6631,
3,22.2332,274343,5.03365,263.927,182.068,92.1495,87.8505,
3,18.4134,3.13723e+06,0,274.16,94.1596,92.5957,87.4043,
3,20.1765,828607,3.16596,262.985,144.31,92.3688,87.6312,
3,21.9001,278516,5.0418,263.927,182.277,92.1822,87.8178,
3,18.3922,3.14084e+06,0,273.122,93.1221,92.5987,87.4013,
3,19.9108,862045,2.99664,262.985,141.372,92.4004,87.5996,
3,21.5671,282817,5.05175,263.927,182.533,92.216,87.7841,
3,18.3771,3.14342e+06,0,272.083,92.0826,92.6008,87.3992,
3,19.6566,899942,2.80126,262.985,138.003,92.4314,87.5686,
3,21.2341,287251,5.06418,263.927,182.853,92.2507,87.7493,
3,18.368,3.14498e+06,0,271.042,91.0416,92.6021,87.3979,
3,19.4164,943239,2.57589,262.985,134.128,92.4615,87.5385,
3,20.9013,291825,5.08011,263.927,183.266,92.2866,87.7134,
3,18.0318,3.20362e+06,0,270,90,92.6507,87.3493,
3,18.9452,967960,2.56732,262.985,133.982,92.5228,87.4772,
3,20.6184,295829,5.42858,263.927,193.302,92.318,87.682,
3,17.6986,3.26394e+06,0,270,90,92.7006,87.2994,
3,18.7157,936011,2.8642,262.985,139.091,92.5537,87.4463,
3,20.7201,294378,5.66317,263.927,202.103,92.3066,87.6934,
3,17.3654,3.32656e+06,0,270,90,92.7525,87.2475,
3,18.5108,896552,3.21252,262.985,145.131,92.582,87.418,
3,20.8666,292310,5.81128,263.927,209.933,92.2904,87.7096,
3,17.0322,3.39164e+06,0,270,90,92.8064,87.1936,
3,18.3372,849489,3.61197,262.985,152.205,92.6065,87.3935,
3,21.05,289764,5.89106,263.927,216.704,92.2704,87.7296,
3,16.699,3.4593e+06,0,270,90,92.8624,87.1376,
3,18.2028,795707,4.05192,262.985,160.331,92.6258,87.3742,
3,21.2627,286866,5.92276,263.927,222.463,92.2477,87.7523,
3,16.3659,3.52971e+06,0,270,90,92.9207,87.0793,
3,18.1154,737407,4.50715,262.985,169.365,92.6384,87.3616,
3,21.4981,283724,5.92337,263.927,227.33,92.2231,87.7769,
3,16.0328,3.60305e+06,0,270,90,92.9815,87.0185,
3,18.0814,715233,4.93941,262.985,178.964,92.6434,87.3566,
3,21.7513,280421,5.90519,263.927,231.441,92.1972,87.8028,
3,15.6997,3.6795e+06,0,270,90,93.0448,86.9552,
3,18.1035,714359,5.30895,262.985,188.62,92.6402,87.3598,
3,21.0824,533335,5.4129,254.376,183.816,92.2669,87.7331,
3,15.3666,3.75926e+06,0,270,90,93.1108,86.8892,
3,18.1799,711356,5.59024,262.985,197.811,92.6291,87.3709,
3,21.1169,532465,5.56797,254.376,188.046,92.2632,87.7368,
3,15.0335,3.84254e+06,0,270,90,93.1798,86.8202,
3,18.305,706496,5.77978,262.985,206.149,92.6111,87.3889,
3,21.1755,530991,5.70583,254.376,192.19,92.2569,87.7431,
3,14.7005,3.92959e+06,0,270,90,93.2519,86.7481,
3,18.4709,700150,5.89115,262.985,213.45,92.5876,87.4124,
3,21.2573,528948,5.82554,254.376,196.209,92.2483,87.7517,
3,14.3675,4.02068e+06,0,270,90,93.3274,86.6726,
3,18.6698,692692,5.94452,262.985,219.703,92.56,87.44,
3,21.3611,526377,5.92705,254.376,200.07,92.2373,87.7627,
3,14.0345,4.11607e+06,0,270,90,93.4064,86.5936,
3,18.8945,684453,5.95889,262.985,225,92.5296,87.4704,
3,21.4856,523328,6.01106,254.376,203.751,92.2244,87.7756,
3,13.7015,4.2161e+06,0,270,90,93.4893,86.5107,
3,19.1394,675697,5.9489,262.985,229.472,92.4972,87.5028,
3,21.6291,519856,6.07878,254.376,207.234,92.2096,87.7904,
3,13.3686,4.32109e+06,0,270,90,93.5763,86.4237,
3,19.3998,666626,5.92467,262.985,233.254,92.4636,87.5364,
3,21.7901,516014,6.13182,254.376,210.513,92.1933,87.8067,
3,13.0357,4.43145e+06,0,270,90,93.6678,86.3322,
3,19.6724,657387,5.8928,262.985,236.469,92.4295,87.5705,
3,21.967,511858,6.17194,254.376,213.585,92.1756,87.8244,
3,12.7028,4.54756e+06,0,270,90,93.764,86.236,
3,19.9547,648089,5.8574,262.985,239.218,92.3951,87.6049,
3,22.1584,507438,6.20093,254.376,216.452,92.1568,87.8432,
3,12.37,4.66992e+06,0,270,90,93.8655,86.1345,
3,20.2445,638810,5.82096,262.985,241.586,92.3608,87.6392,
3,22.3627,502802,6.22051,254.376,219.123,92.1371,87.8629,
3,12.0372,4.79903e+06,0,270,90,93.9725,86.0275,
3,20.5405,629605,5.78495,262.985,243.641,92.3268,87.6732,
3,22.5786,497994,6.23226,254.376,221.605,92.1166,87.8834,
3,11.7045,4.93546e+06,0,270,90,94.0856,85.9144,
3,20.8415,620514,5.75017,262.985,245.436,92.2931,87.7069,
3,22.805,493051,6.2376,254.376,223.91,92.0956,87.9044,
3,11.3718,5.07984e+06,0,270,90,94.2054,85.7946,
3,21.1465,611563,5.71706,262.985,247.014,92.26,87.74,
3,23.0406,488008,6.23772,254.376,226.05,92.0742,87.9258,
3,11.0392,5.23292e+06,0,270,90,94.3323,85.6677,
3,21.4549,602771,5.68581,262.985,248.411,92.2275,87.7725,
3,23.2846,482894,6.23369,254.376,228.035,92.0524,87.9476,
3,10.7066,5.39547e+06,0,270,90,94.4672,85.5328,
3,21.7662,594151,5.65646,262.985,249.655,92.1957,87.8043,
3,23.5361,477735,6.22637,254.376,229.879,92.0305,87.9695,
3,10.3741,5.5684e+06,0,270,90,94.6106,85.3894,
3,22.0799,585711,5.62899,262.985,250.768,92.1645,87.8355,
3,23.7942,472552,6.2165,254.376,231.592,92.0084,87.9916,
3,10.0416,5.75276e+06,0,270,90,94.7636,85.2364,
3,22.3955,577455,5.6033,262.985,251.77,92.1339,87.8661,
3,24.0583,467364,6.20467,254.376,233.185,91.9864,88.0136,
3,9.70924,5.94969e+06,0,270,90,94.9271,85.0729,
3,22.713,569384,5.57931,262.985,252.676,92.1041,87.8959,
3,24.3278,462188,6.19136,254.376,234.667,91.9644,88.0356,
3,9.37695,6.16053e+06,0,270,90,95.1022,84.8978,
3,23.0319,561500,5.55689,262.985,253.498,92.0749,87.925,
3,24.6021,457035,6.17699,254.376,236.049,91.9425,88.0575,
3,9.04476,6.38679e+06,0,270,90,95.2901,84.7099,
3,23.3521,553800,5.53592,262.985,254.248,92.0465,87.9535,
3,24.8807,451917,6.16186,254.376,237.339,91.9207,88.0793,
3,8.71267,6.63023e+06,0,270,90,95.4923,84.5077,
3,23.6735,546282,5.51631,262.985,254.934,92.0187,87.9813,
3,25.1633,446842,6.14624,254.376,238.544,91.8991,88.1009,
3,8.38069,6.89286e+06,0,270,90,95.7106,84.2894,
3,23.9959,538943,5.49794,262.985,255.564,91.9916,88.0084,
3,25.4494,441818,6.13033,254.376,239.671,91.8778,88.1222,
3,8.04885,7.17704e+06,0,270,90,95.9469,84.0531,
3,24.3192,531779,5.4807,262.985,256.144,91.9651,88.0349,
3,25.7387,436852,6.11428,254.376,240.727,91.8567,88.1433,
3,7.71716,7.48552e+06,0,270,90,96.2034,83.7966,
3,24.6432,524786,5.46452,262.985,256.681,91.9392,88.0608,
3,26.0309,431948,6.09824,254.376,241.718,91.8358,88.1642,
3,7.38564,7.82153e+06,0,270,90,96.4831,83.5169,
3,24.9679,517961,5.44931,262.985,257.178,91.914,88.086,
3,26.3258,427110,6.0823,254.376,242.65,91.8152,88.1848,
3,7.05431,8.18889e+06,0,270,90,96.789,83.211,
3,25.2933,511298,5.43498,262.985,257.64,91.8894,88.1106,
3,26.6231,422340,6.06654,254.376,243.526,91.795,88.205,
3,6.7232,8.59218e+06,0,270,90,97.125,82.875,
3,25.6192,504793,5.42148,262.985,258.07,91.8653,88.1347,
3,26.9226,417642,6.05102,254.376,244.351,91.775,88.225,
3,6.39234,9.0369e+06,0,270,90,97.4959,82.5041,
3,25.9457,498442,5.40873,262.985,258.471,91.8418,88.1582,
3,27.2241,413016,6.03578,254.376,245.13,91.7553,88.2447,
3,6.06179,9.52969e+06,0,270,90,97.9072,82.0928,
3,26.2725,492240,5.39667,262.985,258.847,91.8189,88.1811,
3,27.5275,408464,6.02085,254.376,245.866,91.736,88.264,
3,5.73158,1.00787e+07,0,270,90,98.3659,81.6341,
3,26.5998,486184,5.38527,262.985,259.2,91.7965,88.2035,
3,27.8326,403986,6.00626,254.376,246.562,91.7169,88.2831,
3,5.40178,1.06941e+07,0,270,90,98.8807,81.1193,
3,26.9275,480267,5.37446,262.985,259.531,91.7747,88.2253,
3,28.1393,399584,5.99202,254.376,247.22,91.6982,88.3018,
3,5.07248,1.13883e+07,0,270,90,99.4623,80.5377,
3,27.2555,474487,5.3642,262.985,259.842,91.7533,88.2467,
3,28.4474,395256,5.97815,254.376,247.845,91.6798,88.3202,
3,4.74377,1.21774e+07,0,270,90,100.125,79.8753,
3,27.5839,468840,5.35446,262.985,260.136,91.7324,88.2676,
3,28.7569,391002,5.96465,254.376,248.438,91.6617,88.3383,
3,4.41579,1.30819e+07,0,270,90,100.886,79.1145,
3,27.9125,463320,5.3452,262.985,260.413,91.712,88.288,
3,29.0675,386823,5.95151,254.376,249.001,91.644,88.356,
3,4.08871,1.41284e+07,0,270,90,101.768,78.2317,
3,28.2414,457924,5.33638,262.985,260.676,91.6921,88.3079,
3,29.3794,382717,5.93874,254.376,249.537,91.6265,88.3735,
3,3.76277,1.53522e+07,0,270,90,102.804,77.1957,
3,28.5705,452649,5.32797,262.985,260.924,91.6726,88.3274,
3,29.6923,378684,5.92634,254.376,250.048,91.6094,88.3906,
3,3.4383,1.6801e+07,0,270,90,104.036,75.9638,
3,28.8999,447490,5.31996,262.985,261.16,91.6535,88.3465,
3,30.0062,374723,5.91429,254.376,250.534,91.5925,88.4075,
3,3.11575,1.85403e+07,0,270,90,105.524,74.4759,
3,29.2294,442444,5.3123,262.985,261.384,91.6349,88.3651,
3,30.321,370832,5.9026,254.376,250.998,91.576,88.424,
3,2.79578,2.06622e+07,0,270,90,107.354,72.646,
3,29.5592,437509,5.30498,262.985,261.597,91.6166,88.3834,
3,30.6367,367011,5.89124,254.376,251.442,91.5597,88.4403,
3,2.47939,2.32988e+07,0,270,90,109.654,70.3462,
3,29.8891,432679,5.29798,262.985,261.799,91.5988,88.4012,
3,30.9532,363258,5.88023,254.376,251.865,91.5438,88.4562,
3,2.16817,2.66432e+07,0,270,90,112.62,67.3801,
3,30.2192,427953,5.29127,262.985,261.992,91.5813,88.4187,
3,31.2705,359573,5.86953,254.376,252.271,91.5281,88.4719,
3,1.86468,3.09796e+07,0,270,90,116.565,63.435,
3,30.5495,423326,5.28485,262.985,262.177,91.5642,88.4358,
3,31.5884,355953,5.85915,254.376,252.659,91.5127,88.4873,
4,20.1696,2.86406e+06,0,294.444,114.444,92.3696,87.6304,
4,24.6229,618256,3.82144,266.957,158.744,91.9408,88.0592,
4,26.5145,239104,4.53523,267.397,173.448,91.8023,88.1977,
4,20.034,2.88345e+06,0,293.575,113.575,92.3856,87.6144,
4,24.313,630248,3.78235,266.957,158.013,91.9656,88.0344,
4,26.1834,243183,4.52393,267.397,173.202,91.8251,88.1749,
4,19.903,2.90242e+06,0,292.694,112.694,92.4013,87.5987,
4,24.0047,642816,3.7404,266.957,157.233,91.9908,88.0092,
4,25.8524,247453,4.51171,267.397,172.936,91.8485,88.1515,
4,19.7769,2.92094e+06,0,291.801,111.801,92.4166,87.5834,
4,23.6983,656011,3.69529,266.957,156.399,92.0166,87.9834,
4,25.5217,251932,4.49846,267.397,172.65,91.8725,88.1275,
4,19.6555,2.93897e+06,0,290.898,110.898,92.4316,87.5684,
4,23.3939,669887,3.64667,266.957,155.505,92.0428,87.9572,
4,25.1911,256642,4.48403,267.397,172.338,91.897,88.103,
4,19.5391,2.95647e+06,0,289.983,109.983,92.4461,87.5539,
4,23.0917,684509,3.59417,266.957,154.546,92.0696,87.9304,
4,24.8609,261610,4.46828,267.397,172,91.9222,88.0778,
4,19.4278,2.97342e+06,0,289.058,109.058,92.4601,87.5399,
4,22.792,699948,3.53734,266.957,153.514,92.0968,87.9032,
4,24.5309,266863,4.45101,267.397,171.631,91.9481,88.0519,
4,19.3215,2.98977e+06,0,288.122,108.122,92.4736,87.5264,
4,22.4951,716287,3.47572,266.957,152.402,92.1245,87.8755,
4,24.2012,272438,4.43198,267.397,171.226,91.9746,88.0253,
4,19.2205,3.00549e+06,0,287.176,107.176,92.4866,87.5134,
4,22.2013,733617,3.40873,266.957,151.2,92.1526,87.8474,
4,23.872,278376,4.41094,267.397,170.78,92.0019,87.9981,
4,19.1247,3.02053e+06,0,286.22,106.22,92.4991,87.5009,
4,21.911,752045,3.33575,266.957,149.899,92.1811,87.8189,
4,23.5431,284731,4.38752,267.397,170.287,92.0299,87.9701,
4,19.0344,3.03488e+06,0,285.255,105.255,92.511,87.489,
4,21.6247,771695,3.25608,266.957,148.487,92.21,87.79,
4,23.2148,291564,4.36133,267.397,169.739,92.0586,87.9414,
4,18.9494,3.04848e+06,0,284.281,104.281,92.5222,87.4778,
4,21.3429,792704,3.16893,266.957,146.953,92.2392,87.7608,
4,22.8871,298954,4.33185,267.397,169.127,92.0881,87.9119,
4,18.87,3.06132e+06,0,283.299,103.299,92.5329,87.4671,
4,21.0661,815236,3.0734,266.957,145.28,92.2687,87.7313,
4,22.5602,307000,4.29842,267.397,168.437,92.1184,87.8816,
4,18.7961,3.07335e+06,0,282.308,102.308,92.5428,87.4572,
4,20.7952,839474,2.96852,266.957,143.454,92.2982,87.7018,
4,22.234,315829,4.26023,267.397,167.656,92.1494,87.8506,
4,18.7279,3.08454e+06,0,281.31,101.31,92.5521,87.4479,
4,20.5309,865630,2.85322,266.957,141.456,92.3278,87.6722,
4,21.909,325605,4.2162,267.397,166.763,92.1813,87.8186,
4,18.6654,3.09486e+06,0,280.305,100.305,92.5606,87.4394,
4,20.2742,893947,2.72636,266.957,139.266,92.3573,87.6427,
4,21.5852,336546,4.16494,267.397,165.734,92.2141,87.7859,
4,18.6087,3.1043e+06,0,279.293,99.2933,92.5685,87.4315,
4,20.0262,924701,2.58674,266.957,136.863,92.3865,87.6135,
4,21.263,348947,4.10456,267.397,164.536,92.2477,87.7523,
4,18.5578,3.11281e+06,0,278.276,98.2759,92.5755,87.4245,
4,19.7883,958196,2.43321,266.957,134.224,92.4153,87.5847,
4,20.9429,363218,4.03253,267.397,163.124,92.282,87.718,
4,18.5128,3.12038e+06,0,277.253,97.2532,92.5818,87.4182,
4,19.5619,994773,2.26471,266.957,131.326,92.4432,87.5568,
4,20.6254,379945,3.94531,267.397,161.439,92.3172,87.6828,
4,18.4737,3.12698e+06,0,276.226,96.2258,92.5872,87.4128,
4,19.3488,1.03479e+06,2.08043,266.957,128.145,92.4701,87.5299,
4,20.3113,399985,3.83788,267.397,159.396,92.353,87.647,
4,18.4405,3.13261e+06,0,275.194,95.1944,92.5919,87.4081,
4,19.1509,1.07862e+06,1.88001,266.957,124.66,92.4957,87.5043,
4,20.0019,424652,3.70295,267.397,156.875,92.3894,87.6106,
4,18.4134,3.13723e+06,0,274.16,94.1596,92.5957,87.4043,
4,18.9705,1.12662e+06,1.66377,266.957,120.855,92.5194,87.4806,
4,19.6991,456030,3.52968,267.397,153.701,92.4262,87.5738,
4,18.3922,3.14084e+06,0,273.122,93.1221,92.5987,87.4013,
4,18.8099,1.17906e+06,1.43304,266.957,116.723,92.541,87.459,
4,19.4056,497585,3.3017,267.397,149.61,92.4629,87.5371,
4,18.3771,3.14342e+06,0,272.083,92.0826,92.6008,87.3992,
4,18.6716,1.23613e+06,1.19041,266.957,112.269,92.5598,87.4402,
4,19.1261,555371,2.99423,267.397,144.207,92.4989,87.5011,
4,18.368,3.14498e+06,0,271.042,91.0416,92.6021,87.3979,
4,18.5582,1.29781e+06,0.93996,266.957,107.512,92.5754,87.4246,
4,18.8682,640450,2.57148,267.397,136.901,92.5331,87.4669,
4,18.0318,3.20362e+06,0,270,90,92.6507,87.3493,
4,18.1473,1.37277e+06,0.748862,266.957,103.741,92.6338,87.3662,
4,18.3973,647132,2.62038,267.397,137.745,92.598,87.402,
4,17.6986,3.26394e+06,0,270,90,92.7006,87.2994,
4,17.8247,1.37872e+06,0.824969,266.957,105.261,92.6815,87.3185,
4,18.2088,489416,3.55411,267.397,154.155,92.6249,87.3751,
4,17.3654,3.32656e+06,0,270,90,92.7525,87.2475,
4,17.5047,1.38042e+06,0.921044,266.957,107.147,92.7306,87.2694,
4,18.1229,331179,4.67085,267.397,176.55,92.6374,87.3627,
4,17.0322,3.39164e+06,0,270,90,92.8064,87.1936,
4,17.1884,1.37596e+06,1.04558,266.957,109.544,92.7809,87.2191,
4,18.1719,325390,5.48052,267.397,199.993,92.6302,87.3698,
4,16.699,3.4593e+06,0,270,90,92.8624,87.1376,
4,16.8774,1.36251e+06,1.21225,266.957,112.68,92.8321,87.1679,
4,18.3361,322476,5.7698,267.397,218.236,92.6067,87.3933,
4,16.3659,3.52971e+06,0,270,90,92.9207,87.0793,
4,16.5748,1.33561e+06,1.4439,266.957,116.927,92.8839,87.1161,
4,18.5704,318407,5.77794,267.397,230.476,92.5738,87.4262,
4,16.0328,3.60305e+06,0,270,90,92.9815,87.0185,
4,16.2857,1.28832e+06,1.78003,266.957,122.918,92.9351,87.0649,
4,18.8424,313810,5.70032,267.397,238.567,92.5366,87.4634,
4,15.6997,3.6795e+06,0,270,90,93.0448,86.9552,
4,16.02,1.21015e+06,2.28808,266.957,131.746,92.9838,87.0162,
4,19.1352,309009,5.60985,267.397,244.109,92.4977,87.5023,
4,15.3666,3.75926e+06,0,270,90,93.1108,86.8892,
4,15.7976,1.08844e+06,3.06377,266.957,145.145,93.0259,86.9741,
4,19.44,304163,5.52703,267.397,248.075,92.4585,87.5415,
4,15.0335,3.84254e+06,0,270,90,93.1798,86.8202,
4,15.6545,921411,4.13065,266.957,164.766,93.0536,86.9464,
4,19.7524,299354,5.45587,267.397,251.026,92.4196,87.5804,
4,14.7005,3.92959e+06,0,270,90,93.2519,86.7481,
4,15.6348,827154,5.15905,266.957,188.63,93.0574,86.9426,
4,18.4664,625996,5.25148,257.471,182.079,92.5883,87.4117,
4,14.3675,4.02068e+06,0,270,90,93.3274,86.6726,
4,15.7468,821274,5.69356,266.957,209.937,93.0357,86.9643,
4,18.4953,625019,5.46705,257.471,187.843,92.5842,87.4158,
4,14.0345,4.11607e+06,0,270,90,93.4064,86.5936,
4,15.9512,810750,5.80822,266.957,225,92.9967,87.0033,
4,18.5569,622943,5.65109,257.471,193.452,92.5756,87.4244,
4,13.7015,4.2161e+06,0,270,90,93.4893,86.5107,
4,16.2072,797944,5.75862,266.957,234.924,92.9494,87.0506,
4,18.6496,619847,5.80156,257.471,198.81,92.5628,87.4372,
4,13.3686,4.32109e+06,0,270,90,93.5763,86.4237,
4,16.4909,784214,5.67015,266.957,241.584,92.8986,87.1014,
4,18.7709,615841,5.91925,257.471,203.849,92.5462,87.4538,
4,13.0357,4.43145e+06,0,270,90,93.6678,86.3322,
4,16.7904,770226,5.58254,266.957,246.247,92.8468,87.1532,
4,18.9181,611050,6.00701,257.471,208.525,92.5264,87.4736,
4,12.7028,4.54756e+06,0,270,90,93.764,86.236,
4,17.0993,756311,5.50559,266.957,249.652,92.7953,87.2047,
4,19.0882,605604,6.06893,257.471,212.82,92.5039,87.4961,
4,12.37,4.66992e+06,0,270,90,93.8655,86.1345,
4,17.4143,742631,5.44021,266.957,252.232,92.7447,87.2553,
4,19.2784,599629,6.10947,257.471,216.737,92.4792,87.5208,
4,12.0372,4.79903e+06,0,270,90,93.9725,86.0275,
4,17.7334,729269,5.38502,266.957,254.246,92.6953,87.3047,
4,19.486,593240,6.13294,257.471,220.293,92.4527,87.5473,
4,11.7045,4.93546e+06,0,270,90,94.0856,85.9144,
4,18.0554,716265,5.33828,266.957,255.858,92.6472,87.3528,
4,19.7087,586538,6.14318,257.471,223.509,92.425,87.575,
4,11.3718,5.07984e+06,0,270,90,94.2054,85.7946,
4,18.3794,703636,5.29842,266.957,257.176,92.6005,87.3995,
4,19.9443,579610,6.14342,257.471,226.417,92.3964,87.6036,
4,11.0392,5.23292e+06,0,270,90,94.3323,85.6677,
4,18.705,691387,5.26413,266.957,258.272,92.5552,87.4448,
4,20.1909,572528,6.13627,257.471,229.044,92.3671,87.6329,
4,10.7066,5.39547e+06,0,270,90,94.4672,85.5328,
4,19.0319,679514,5.23441,266.957,259.198,92.5113,87.4887,
4,20.4472,565354,6.12379,257.471,231.421,92.3374,87.6626,
4,10.3741,5.5684e+06,0,270,90,94.6106,85.3894,
4,19.3596,668009,5.20844,266.957,259.99,92.4688,87.5312,
4,20.7116,558135,6.10758,257.471,233.573,92.3075,87.6925,
4,10.0416,5.75276e+06,0,270,90,94.7636,85.2364,
4,19.6882,656862,5.18557,266.957,260.674,92.4275,87.5725,
4,20.9832,550912,6.08886,257.471,235.527,92.2776,87.7224,
4,9.70924,5.94969e+06,0,270,90,94.9271,85.0729,
4,20.0173,646061,5.1653,266.957,261.272,92.3876,87.6124,
4,21.2609,543717,6.06852,257.471,237.305,92.2479,87.7521,
4,9.37695,6.16053e+06,0,270,90,95.1022,84.8978,
4,20.347,635594,5.14723,266.957,261.798,92.3489,87.6511,
4,21.5439,536573,6.04725,257.471,238.925,92.2183,87.7817,
4,9.04476,6.38679e+06,0,270,90,95.2901,84.7099,
4,20.677,625448,5.13102,266.957,262.264,92.3114,87.6886,
4,21.8316,529502,6.02554,257.471,240.407,92.1891,87.8109,
4,8.71267,6.63023e+06,0,270,90,95.4923,84.5077,
4,21.0075,615610,5.1164,266.957,262.681,92.275,87.725,
4,22.1234,522518,6.00377,257.471,241.765,92.1602,87.8398,
4,8.38069,6.89286e+06,0,270,90,95.7106,84.2894,
4,21.3382,606069,5.10316,266.957,263.055,92.2397,87.7603,
4,22.4188,515633,5.98218,257.471,243.013,92.1317,87.8683,
4,8.04885,7.17704e+06,0,270,90,95.9469,84.0531,
4,21.6692,596811,5.09111,266.957,263.393,92.2055,87.7945,
4,22.7174,508857,5.96097,257.471,244.162,92.1037,87.8963,
4,7.71716,7.48552e+06,0,270,90,96.2034,83.7966,
4,22.0004,587827,5.0801,266.957,263.7,92.1723,87.8277,
4,23.0187,502195,5.94026,257.471,245.224,92.0761,87.9239,
4,7.38564,7.82153e+06,0,270,90,96.4831,83.5169,
4,22.3318,579103,5.07001,266.957,263.98,92.14,87.86,
4,23.3226,495652,5.92014,257.471,246.207,92.0491,87.9509,
4,7.05431,8.18889e+06,0,270,90,96.789,83.211,
4,22.6634,570630,5.06072,266.957,264.236,92.1087,87.8913,
4,23.6287,489231,5.90066,257.471,247.118,92.0225,87.9775,
4,6.7232,8.59218e+06,0,270,90,97.125,82.875,
4,22.9951,562399,5.05214,266.957,264.471,92.0783,87.9217,
4,23.9368,482934,5.88184,257.471,247.966,91.9965,88.0035,
4,6.39234,9.0369e+06,0,270,90,97.4959,82.5041,
4,23.3269,554398,5.0442,266.957,264.688,92.0487,87.9513,
4,24.2467,476762,5.8637,257.471,248.756,91.9709,88.0291,
4,6.06179,9.52969e+06,0,270,90,97.9072,82.0928,
4,23.6589,546619,5.03683,266.957,264.888,92.0199,87.9801,
4,24.5581,470715,5.84625,257.471,249.494,91.9459,88.0541,
4,5.73158,1.00787e+07,0,270,90,98.3659,81.6341,
4,23.991,539052,5.02996,266.957,265.074,91.992,88.008,
4,24.8711,464792,5.82946,257.471,250.184,91.9214,88.0786,
4,5.40178,1.06941e+07,0,270,90,98.8807,81.1193,
4,24.3232,531691,5.02356,266.957,265.247,91.9647,88.0352,
4,25.1854,458992,5.81333,257.471,250.831,91.8975,88.1025,
4,5.07248,1.13883e+07,0,270,90,99.4623,80.5377,
4,24.6554,524526,5.01757,266.957,265.408,91.9383,88.0617,
4,25.5009,453314,5.79784,257.471,251.439,91.874,88.126,
4,4.74377,1.21774e+07,0,270,90,100.125,79.8753,
4,24.9878,517549,5.01195,266.957,265.559,91.9125,88.0875,
4,25.8174,447755,5.78296,257.471,252.01,91.851,88.149,
4,4.41579,1.30819e+07,0,270,90,100.886,79.1145,
4,25.3202,510755,5.00668,266.957,265.7,91.8874,88.1126,
4,26.135,442314,5.76868,257.471,252.549,91.8285,88.1715,
4,4.08871,1.41284e+07,0,270,90,101.768,78.2317,
4,25.6527,504135,5.00172,266.957,265.832,91.8629,88.1371,
4,26.4535,436989,5.75496,257.471,253.057,91.8065,88.1935,
4,3.76277,1.53522e+07,0,270,90,102.804,77.1957,
4,25.9852,497683,4.99704,266.957,265.957,91.839,88.161,
4,26.7728,431777,5.74179,257.471,253.537,91.7849,88.2151,
4,3.4383,1.6801e+07,0,270,90,104.036,75.9638,
4,26.3178,491394,4.99263,266.957,266.074,91.8158,88.1842,
4,27.093,426675,5.72913,257.471,253.991,91.7638,88.2362,
4,3.11575,1.85403e+07,0,270,90,105.524,74.4759,
4,26.6504,485261,4.98845,266.957,266.185,91.7931,88.2069,
4,27.4138,421682,5.71697,257.471,254.421,91.7432,88.2568,
4,2.79578,2.06622e+07,0,270,90,107.354,72.646,
4,26.9831,479278,4.9845,266.957,266.289,91.771,88.229,
4,27.7353,416794,5.70528,257.471,254.83,91.723,88.277,
4,2.47939,2.32988e+07,0,270,90,109.654,70.3462,
4,27.3158,473440,4.98075,266.957,266.389,91.7494,88.2506,
4,28.0573,412009,5.69404,257.471,255.218,91.7032,88.2968,
4,2.16817,2.66432e+07,0,270,90,112.62,67.3801,
4,27.6486,467742,4.97719,266.957,266.482,91.7284,88.2716,
4,28.38,407325,5.68323,257.471,255.587,91.6838,88.3162,
4,1.86468,3.09796e+07,0,270,90,116.565,63.435,
4,27.9814,462179,4.9738,266.957,266.572,91.7078,88.2922,
4,28.7032,402739,5.67282,257.471,255.939,91.6648,88.3352,
5,20.1696,2.86406e+06,0,294.444,114.444,92.3696,87.6304,
5,22.8848,748280,3.10818,271.652,149.241,92.0883,87.9117,
5,20.034,2.88345e+06,0,293.575,113.575,92.3856,87.6144,
5,22.6,765283,3.04648,271.652,148.151,92.1146,87.8854,
5,19.903,2.90242e+06,0,292.694,112.694,92.4013,87.5987,
5,22.3186,783185,2.98045,271.652,146.989,92.1413,87.8587,
5,19.7769,2.92094e+06,0,291.801,111.801,92.4166,87.5834,
5,22.0411,802060,2.90972,271.652,145.75,92.1683,87.8317,
5,19.6555,2.93897e+06,0,290.898,110.898,92.4316,87.5684,
5,21.7677,821992,2.83388,271.652,144.426,92.1955,87.8045,
5,19.5391,2.95647e+06,0,289.983,109.983,92.4461,87.5539,
5,21.499,843072,2.75249,271.652,143.012,92.223,87.777,
5,19.4278,2.97342e+06,0,289.058,109.058,92.4601,87.5399,
5,21.2354,865401,2.66507,271.652,141.498,92.2506,87.7494,
5,19.3215,2.98977e+06,0,288.122,108.122,92.4736,87.5264,
5,20.9775,889090,2.57116,271.652,139.876,92.2783,87.7217,
5,19.2205,3.00549e+06,0,287.176,107.176,92.4866,87.5134,
5,20.7259,914261,2.47025,271.652,138.138,92.3059,87.6941,
5,19.1247,3.02053e+06,0,286.22,106.22,92.4991,87.5009,
5,20.4813,941044,2.36183,271.652,136.273,92.3335,87.6665,
5,19.0344,3.03488e+06,0,285.255,105.255,92.511,87.489,
5,20.2445,969580,2.24542,271.652,134.273,92.3608,87.6392,
5,18.9494,3.04848e+06,0,284.281,104.281,92.5222,87.4778,
5,20.0163,1.00002e+06,2.12058,271.652,132.126,92.3877,87.6123,
5,18.87,3.06132e+06,0,283.299,103.299,92.5329,87.4671,
5,19.7977,1.03251e+06,1.98695,271.652,129.824,92.4141,87.5859,
5,18.7961,3.07335e+06,0,282.308,102.308,92.5428,87.4572,
5,19.5898,1.06722e+06,1.84427,271.652,127.356,92.4397,87.5603,
5,18.7279,3.08454e+06,0,281.31,101.31,92.5521,87.4479,
5,19.3937,1.10429e+06,1.69249,271.652,124.714,92.4644,87.5356,
5,18.6654,3.09486e+06,0,280.305,100.305,92.5606,87.4394,
5,19.2107,1.14387e+06,1.53177,271.652,121.893,92.4879,87.5121,
5,18.6087,3.1043e+06,0,279.293,99.2933,92.5685,87.4315,
5,19.042,1.18607e+06,1.36261,271.652,118.887,92.51,87.49,
5,18.5578,3.11281e+06,0,278.276,98.2759,92.5755,87.4245,
5,18.8892,1.23096e+06,1.18586,271.652,115.697,92.5303,87.4697,
5,18.5128,3.12038e+06,0,277.253,97.2532,92.5818,87.4182,
5,18.7535,1.27856e+06,1.00284,271.652,112.326,92.5486,87.4514,
5,18.4737,3.12698e+06,0,276.226,96.2258,92.5872,87.4128,
5,18.6364,1.32882e+06,0.815352,271.652,108.785,92.5646,87.4354,
5,18.4405,3.13261e+06,0,275.194,95.1944,92.5919,87.4081,
5,18.5393,1.38158e+06,0.625658,271.652,105.088,92.5781,87.4219,
5,18.4134,3.13723e+06,0,274.16,94.1596,92.5957,87.4043,
5,18.4633,1.43657e+06,0.436446,271.652,101.259,92.5887,87.4113,
5,18.3922,3.14084e+06,0,273.122,93.1221,92.5987,87.4013,
5,18.4095,1.4934e+06,0.250688,271.652,97.3244,92.5963,87.4037,
5,18.3771,3.14342e+06,0,272.083,92.0826,92.6008,87.3992,
5,18.3786,1.55155e+06,0.0714638,271.652,93.3195,92.6006,87.3994,
5,18.368,193521,0,271.042,91.0416,92.6021,87.3979,
5,18.3705,124636,-0.116091,271.412,88.5884,92.6018,87.3982,
5,18.0318,197268,0,270,90,92.6507,87.3493,
5,0,1.63284e-30,1.62254e-07,2.41642e+36,6.2638e-43,0,0,
5,17.6986,200936,0,270,90,92.7006,87.2994,
5,0,2.36489e-33,4.0516e-11,2.41641e+36,6.2638e-43,0,0,
5,17.3654,204743,0,270,90,92.7525,87.2475,
5,0,2.19375e-29,4.05598e-08,2.41642e+36,6.2638e-43,0,0,
5,17.0322,208695,0,270,90,92.8064,87.1936,
5,0,5.50011e-33,4.0516e-11,2.41641e+36,6.2638e-43,0,0,
5,16.699,212801,0,270,90,92.8624,87.1376,
5,0,1.81906e-29,4.0516e-11,2.41641e+36,6.2638e-43,0,0,
5,16.3659,217071,0,270,90,92.9207,87.0793,
5,0,5.58291e-30,4.15295e-05,2.41642e+36,6.2638e-43,0,0,
5,16.0328,893379,0,270,90,92.9815,87.0185,
5,16.2475,376651,4.71109,270,270,92.942,87.058,
5,15.6997,912186,0,270,90,93.0448,86.9552,
5,16.5807,369033,4.71134,270,270,92.8829,87.1171,
5,15.3666,931798,0,270,90,93.1108,86.8892,
5,16.9138,361715,4.71157,270,270,92.826,87.174,
5,15.0335,952267,0,270,90,93.1798,86.8202,
5,17.247,354680,4.71179,270,270,92.7714,87.2286,
5,14.7005,973649,0,270,90,93.2519,86.7481,
5,17.5802,347913,4.712,270,270,92.7188,87.2812,
5,14.3675,996007,0,270,90,93.3274,86.6726,
5,17.9134,341398,4.71219,270,270,92.6682,87.3318,
5,14.0345,1.01941e+06,-2.38419e-07,270,90,93.4064,86.5936,
5,18.2466,335122,4.71238,270,270,92.6195,87.3805,
5,13.7015,1.04393e+06,0,270,90,93.4893,86.5107,
5,18.5798,329071,4.71255,270,270,92.5724,87.4276,
5,13.3686,4.32109e+06,0,270,90,93.5763,86.4237,
5,13.9162,1.77758e+06,4.70883,270,270,93.4354,86.5646,
5,13.0357,4.43145e+06,0,270,90,93.6678,86.3322,
5,14.2492,1.73537e+06,4.70922,270,270,93.3551,86.6449,
5,12.7028,4.54756e+06,0,270,90,93.764,86.236,
5,14.5822,1.69511e+06,4.70959,270,270,93.2784,86.7216,
5,12.37,4.66992e+06,0,270,90,93.8655,86.1345,
5,14.9152,1.65668e+06,4.70993,270,270,93.2051,86.7949,
5,12.0372,4.79903e+06,0,270,90,93.9725,86.0275,
5,15.2482,1.61995e+06,4.71025,270,270,93.135,86.865,
5,11.7045,4.93546e+06,0,270,90,94.0856,85.9144,
5,15.5813,1.58481e+06,4.71055,270,270,93.0679,86.9321,
5,11.3718,5.07984e+06,0,270,90,94.2054,85.7946,
5,15.9144,1.55116e+06,4.71083,270,270,93.0037,86.9963,
5,11.0392,5.23292e+06,0,270,90,94.3323,85.6677,
5,16.2475,1.51891e+06,4.71109,270,270,92.942,87.058,
5,10.7066,5.39547e+06,0,270,90,94.4672,85.5328,
5,16.5807,1.48797e+06,4.71134,270,270,92.8829,87.1171,
5,10.3741,5.5684e+06,0,270,90,94.6106,85.3894,
5,16.9138,1.45826e+06,4.71157,270,270,92.826,87.174,
5,10.0416,5.75276e+06,0,270,90,94.7636,85.2364,
5,17.247,1.42972e+06,4.71179,270,270,92.7714,87.2286,
5,9.70924,5.94969e+06,0,270,90,94.9271,85.0729,
5,17.5802,1.40227e+06,4.712,270,270,92.7188,87.2812,
5,9.37695,6.16053e+06,0,270,90,95.1022,84.8978,
5,17.9134,1.37585e+06,4.71219,270,270,92.6682,87.3318,
5,9.04476,6.38679e+06,0,270,90,95.2901,84.7099,
5,18.2466,1.35041e+06,4.71238,270,270,92.6195,87.3805,
5,8.71267,6.63023e+06,0,270,90,95.4923,84.5077,
5,18.5798,1.32589e+06,4.71255,270,270,92.5724,87.4276,
5,8.38069,6.89286e+06,0,270,90,95.7106,84.2894,
5,18.913,1.30224e+06,4.71272,270,270,92.5271,87.4729,
5,8.04885,7.17704e+06,0,270,90,95.9469,84.0531,
5,19.2463,1.27943e+06,4.71288,270,270,92.4833,87.5167,
5,7.71716,7.48552e+06,0,270,90,96.2034,83.7966,
5,19.5795,1.25739e+06,4.71303,270,270,92.441,87.559,
5,7.38564,7.82153e+06,0,270,90,96.4831,83.5169,
5,19.9128,1.23611e+06,4.71317,270,270,92.4001,87.5999,
5,7.05431,8.18889e+06,0,270,90,96.789,83.211,
5,20.2461,1.21553e+06,4.71331,270,270,92.3606,87.6394,
5,6.7232,8.59218e+06,0,270,90,97.125,82.875,
5,20.5793,1.19562e+06,4.71343,270,270,92.3224,87.6776,
5,6.39234,9.0369e+06,0,270,90,97.4959,82.5041,
5,20.9126,1.17636e+06,4.71356,270,270,92.2853,87.7147,
5,6.06179,9.52969e+06,0,270,90,97.9072,82.0928,
5,21.2459,1.1577e+06,4.71367,270,270,92.2495,87.7505,
5,5.73158,1.00787e+07,0,270,90,98.3659,81.6341,
5,21.5793,1.13963e+06,4.71379,270,270,92.2147,87.7853,
5,5.40178,1.06941e+07,0,270,90,98.8807,81.1193,
5,21.9126,1.12212e+06,4.71389,270,270,92.181,87.819,
5,5.07248,1.13883e+07,0,270,90,99.4623,80.5377,
5,22.2459,1.10513e+06,4.71399,270,270,92.1483,87.8517,
5,4.74377,1.21774e+07,0,270,90,100.125,79.8753,
5,22.5792,1.08865e+06,4.71409,270,270,92.1166,87.8834,
5,4.41579,1.30819e+07,0,270,90,100.886,79.1145,
5,22.9126,1.07265e+06,4.71418,270,270,92.0858,87.9142,
5,4.08871,1.41284e+07,0,270,90,101.768,78.2317,
5,23.2459,1.05712e+06,4.71427,270,270,92.0558,87.9442,
5,3.76277,1.53522e+07,0,270,90,102.804,77.1957,
5,23.5793,1.04203e+06,4.71436,270,270,92.0268,87.9732,
5,3.4383,1.6801e+07,0,270,90,104.036,75.9638,
5,23.9126,1.02736e+06,4.71444,270,270,91.9985,88.0015,
5,3.11575,1.85403e+07,0,270,90,105.524,74.4759,
5,24.246,1.0131e+06,4.71452,270,270,91.971,88.029,
5,2.79578,2.06622e+07,0,270,90,107.354,72.646,
5,24.5794,999233,4.71459,270,270,91.9443,88.0557,
5,2.47939,2.32988e+07,0,270,90,109.654,70.3462,
5,24.9127,985738,4.71466,270,270,91.9182,88.0818,
5,2.16817,2.66432e+07,0,270,90,112.62,67.3801,
5,25.2461,972603,4.71473,270,270,91.8929,88.1071,
5,1.86468,3.09796e+07,0,270,90,116.565,63.435,
5,25.5795,959813,4.7148,270,270,91.8682,88.1318,
6,20.1696,2.86406e+06,0,294.444,114.444,92.3696,87.6304,
6,21.5361,898442,2.26794,277.204,138.875,92.2191,87.7809,
6,20.034,2.88345e+06,0,293.575,113.575,92.3856,87.6144,
6,21.2878,921662,2.1843,277.204,137.435,92.245,87.755,
6,19.903,2.90242e+06,0,292.694,112.694,92.4013,87.5987,
6,21.0453,946110,2.09574,277.204,135.913,92.2709,87.7291,
6,19.7769,2.92094e+06,0,291.801,111.801,92.4166,87.5834,
6,20.8091,971870,2.002,277.204,134.302,92.2967,87.7033,
6,19.6555,2.93897e+06,0,290.898,110.898,92.4316,87.5684,
6,20.5799,999028,1.90286,277.204,132.598,92.3223,87.6777,
6,19.5391,2.95647e+06,0,289.983,109.983,92.4461,87.5539,
6,20.3582,1.02767e+06,1.79813,277.204,130.795,92.3476,87.6524,
6,19.4278,2.97342e+06,0,289.058,109.058,92.4601,87.5399,
6,20.1446,1.05789e+06,1.68766,277.204,128.888,92.3725,87.6275,
6,19.3215,2.98977e+06,0,288.122,108.122,92.4736,87.5264,
6,19.9399,1.08978e+06,1.57136,277.204,126.874,92.3969,87.6031,
6,19.2205,3.00549e+06,0,287.176,107.176,92.4866,87.5134,
6,19.7449,1.12341e+06,1.44923,277.204,124.747,92.4206,87.5794,
6,19.1247,3.02053e+06,0,286.22,106.22,92.4991,87.5009,
6,19.5603,1.15887e+06,1.32137,277.204,122.505,92.4434,87.5566,
6,19.0344,3.03488e+06,0,285.255,105.255,92.511,87.489,
6,19.387,1.19622e+06,1.188,277.204,120.146,92.4653,87.5347,
6,18.9494,3.04848e+06,0,284.281,104.281,92.5222,87.4778,
6,19.2259,1.2355e+06,1.04951,277.204,117.667,92.4859,87.5141,
6,18.87,3.06132e+06,0,283.299,103.299,92.5329,87.4671,
6,19.0778,1.27674e+06,0.906443,277.204,115.072,92.5052,87.4948,
6,18.7961,3.07335e+06,0,282.308,102.308,92.5428,87.4572,
6,18.9438,1.31993e+06,0.759546,277.204,112.361,92.523,87.477,
6,18.7279,3.08454e+06,0,281.31,101.31,92.5521,87.4479,
6,18.8246,1.36502e+06,0.609762,277.204,109.541,92.539,87.461,
6,18.6654,3.09486e+06,0,280.305,100.305,92.5606,87.4394,
6,18.7211,1.4119e+06,0.458229,277.204,106.619,92.553,87.447,
6,18.6087,3.1043e+06,0,279.293,99.2933,92.5685,87.4315,
6,18.6342,1.46044e+06,0.306267,277.204,103.605,92.5649,87.4351,
6,18.5578,3.11281e+06,0,278.276,98.2759,92.5755,87.4245,
6,18.5646,1.51043e+06,0.155337,277.204,100.512,92.5746,87.4254,
6,18.5128,3.12038e+06,0,277.253,97.2532,92.5818,87.4182,
6,18.5128,1.56159e+06,0.00699544,277.204,97.3563,92.5818,87.4182,
6,18.4794,1.52119e+06,-0.137174,277.204,94.155,92.5864,87.4136,
6,18.4737,15909.2,0,276.226,96.2258,92.5872,87.4128,
6,18.4646,1.47563e+06,-0.275635,277.204,90.9276,92.5885,87.4115,
6,18.4405,188592,0,275.194,95.1944,92.5919,87.4081,
6,18.4134,190419,0,274.16,94.1596,92.5957,87.4043,
6,0,9.43272e-30,2.01787e-43,0,0,1.12104e-43,0,
6,18.3922,191857,0,273.122,93.1221,92.5987,87.4013,
6,18.4896,116505,-0.546906,276.664,83.3356,92.585,87.415,
6,18.3771,192895,0,272.083,92.0826,92.6008,87.3992,
6,0,7.68292e-31,2.01787e-43,0,0,1.12104e-43,0,
6,18.368,193521,0,271.042,91.0416,92.6021,87.3979,
6,0,6.26542e-31,2.01787e-43,0,0,1.12104e-43,0,
6,18.0318,197268,0,270,90,92.6507,87.3493,
6,5.99141e-315,8.70972e-31,-2.29195e-06,0,4.59134,270,90,
6,17.6986,200936,0,270,90,92.7006,87.2994,
6,5.99266e-315,1.0616e-29,-1.03595e+34,0,0.404581,270,90,
6,17.3654,204743,0,270,90,92.7525,87.2475,
6,5.99396e-315,9.57256e-31,5.77719,0,2.5012,270,90,
6,17.0322,208695,0,270,90,92.8064,87.1936,
6,0,1.17006e-29,2.01787e-43,0,0,1.12104e-43,0,
6,16.699,212801,0,270,90,92.8624,87.1376,
6,5.99671e-315,8.95628e-31,9.82907e-15,0,0.411904,270,90,
6,16.3659,217071,0,270,90,92.9207,87.0793,
6,0,1.45029e-30,2.01787e-43,0,0,1.12104e-43,0,
6,16.0328,221514,0,270,90,92.9815,87.0185,
6,0,1.08052e-30,2.01787e-43,0,0,1.12104e-43,0,
6,15.6997,226140,0,270,90,93.0448,86.9552,
6,0,1.36603e-31,2.01787e-43,0,0,1.12104e-43,0,
6,15.3666,230963,0,270,90,93.1108,86.8892,
6,0,1.57355e-30,2.01787e-43,0,0,1.12104e-43,0,
6,15.0335,235993,0,270,90,93.1798,86.8202,
6,0,1.5201e-31,2.01787e-43,0,0,1.12104e-43,0,
6,14.7005,973649,0,270,90,93.2519,86.7481,
6,15.2246,402136,4.71023,270,270,93.1399,86.8601,
6,14.3675,996007,0,270,90,93.3274,86.6726,
6,15.5576,393469,4.71053,270,270,93.0726,86.9274,
6,14.0345,1.01941e+06,-2.38419e-07,270,90,93.4064,86.5936,
6,15.8907,385166,4.71081,270,270,93.0081,86.9919,
6,13.7015,1.04393e+06,0,270,90,93.4893,86.5107,
6,16.2239,377205,4.71107,270,270,92.9463,87.0537,
6,13.3686,1.06965e+06,0,270,90,93.5763,86.4237,
6,16.557,369564,4.71132,270,270,92.887,87.113,
6,13.0357,1.09666e+06,0,270,90,93.6678,86.3322,
6,16.8901,362225,4.71156,270,270,92.83,87.17,
6,12.7028,1.12505e+06,-2.38419e-07,270,90,93.764,86.236,
6,17.2233,355171,4.71178,270,270,92.7752,87.2248,
6,12.37,4.66992e+06,0,270,90,93.8655,86.1345,
6,12.5609,1.97288e+06,4.7069,270,270,93.8066,86.1934,
6,12.0372,4.79903e+06,0,270,90,93.9725,86.0275,
6,12.8938,1.92104e+06,4.70743,270,270,93.7082,86.2918,
6,11.7045,4.93546e+06,0,270,90,94.0856,85.9144,
6,13.2266,1.87186e+06,4.70792,270,270,93.6148,86.3852,
6,11.3718,5.07984e+06,0,270,90,94.2054,85.7946,
6,13.5596,1.82512e+06,4.70838,270,270,93.5259,86.4741,
6,11.0392,5.23292e+06,0,270,90,94.3323,85.6677,
6,13.8925,1.78065e+06,4.7088,270,270,93.4413,86.5587,
6,10.7066,5.39547e+06,0,270,90,94.4672,85.5328,
6,14.2255,1.7383e+06,4.7092,270,270,93.3607,86.6393,
6,10.3741,5.5684e+06,0,270,90,94.6106,85.3894,
6,14.5585,1.69791e+06,4.70956,270,270,93.2837,86.7163,
6,10.0416,5.75276e+06,0,270,90,94.7636,85.2364,
6,14.8915,1.65935e+06,4.70991,270,270,93.2102,86.7898,
6,9.70924,5.94969e+06,0,270,90,94.9271,85.0729,
6,15.2246,1.62251e+06,4.71023,270,270,93.1399,86.8601,
6,9.37695,6.16053e+06,0,270,90,95.1022,84.8978,
6,15.5576,1.58726e+06,4.71053,270,270,93.0726,86.9274,
6,9.04476,6.38679e+06,0,270,90,95.2901,84.7099,
6,15.8907,1.5535e+06,4.71081,270,270,93.0081,86.9919,
6,8.71267,6.63023e+06,0,270,90,95.4923,84.5077,
6,16.2239,1.52116e+06,4.71107,270,270,92.9463,87.0537,
6,8.38069,6.89286e+06,0,270,90,95.7106,84.2894,
6,16.557,1.49013e+06,4.71132,270,270,92.887,87.113,
6,8.04885,7.17704e+06,0,270,90,95.9469,84.0531,
6,16.8901,1.46033e+06,4.71156,270,270,92.83,87.17,
6,7.71716,7.48552e+06,0,270,90,96.2034,83.7966,
6,17.2233,1.43171e+06,4.71178,270,270,92.7752,87.2248,
6,7.38564,7.82153e+06,0,270,90,96.4831,83.5169,
6,17.5565,1.40418e+06,4.71198,270,270,92.7225,87.2775,
6,7.05431,8.18889e+06,0,270,90,96.789,83.211,
6,17.8897,1.37769e+06,4.71218,270,270,92.6718,87.3282,
6,6.7232,8.59218e+06,0,270,90,97.125,82.875,
6,18.2229,1.35218e+06,4.71237,270,270,92.6229,87.3771,
6,6.39234,9.0369e+06,0,270,90,97.4959,82.5041,
6,18.5561,1.3276e+06,4.71254,270,270,92.5757,87.4243,
6,6.06179,9.52969e+06,0,270,90,97.9072,82.0928,
6,18.8893,1.3039e+06,4.71271,270,270,92.5303,87.4697,
6,5.73158,1.00787e+07,0,270,90,98.3659,81.6341,
6,19.2226,1.28102e+06,4.71287,270,270,92.4864,87.5136,
6,5.40178,1.06941e+07,0,270,90,98.8807,81.1193,
6,19.5558,1.25894e+06,4.71302,270,270,92.444,87.556,
6,5.07248,1.13883e+07,0,270,90,99.4623,80.5377,
6,19.8891,1.2376e+06,4.71316,270,270,92.403,87.597,
6,4.74377,1.21774e+07,0,270,90,100.125,79.8753,
6,20.2224,1.21697e+06,4.7133,270,270,92.3634,87.6366,
6,4.41579,1.30819e+07,0,270,90,100.886,79.1145,
6,20.5557,1.19702e+06,4.71343,270,270,92.325,87.675,
6,4.08871,1.41284e+07,0,270,90,101.768,78.2317,
6,20.889,1.17771e+06,4.71355,270,270,92.2879,87.7121,
6,3.76277,1.53522e+07,0,270,90,102.804,77.1957,
6,21.2223,1.15901e+06,4.71367,270,270,92.252,87.748,
6,3.4383,1.6801e+07,0,270,90,104.036,75.9638,
6,21.5556,1.1409e+06,4.71378,270,270,92.2171,87.7829,
6,3.11575,1.85403e+07,0,270,90,105.524,74.4759,
6,21.8889,1.12334e+06,4.71388,270,270,92.1833,87.8167,
6,2.79578,2.06622e+07,0,270,90,107.354,72.646,
6,22.2222,1.10632e+06,4.71399,270,270,92.1506,87.8494,
6,2.47939,2.32988e+07,0,270,90,109.654,70.3462,
6,22.5555,1.0898e+06,4.71408,270,270,92.1188,87.8812,
6,2.16817,2.66432e+07,0,270,90,112.62,67.3801,
6,22.8889,1.07377e+06,4.71418,270,270,92.0879,87.9121,
6,1.86468,3.09796e+07,0,270,90,116.565,63.435,
6,23.2222,1.05821e+06,4.71427,270,270,92.0579,87.9421,
7,20.1696,2.86406e+06,0,294.444,114.444,92.3696,87.6304,
7,20.6319,1.08956e+06,1.3381,283.734,128.25,92.3164,87.6836,
7,23.0762,435619,3.20197,271.04,150.45,92.071,87.929,
7,20.034,2.88345e+06,0,293.575,113.575,92.3856,87.6144,
7,20.4294,1.11985e+06,1.23999,283.734,126.549,92.3394,87.6606,
7,22.7877,449428,3.1431,271.04,149.404,92.0972,87.9028,
7,19.903,2.90242e+06,0,292.694,112.694,92.4013,87.5987,
7,20.2351,1.15156e+06,1.13782,283.734,124.769,92.3619,87.6381,
7,22.5024,464252,3.08007,271.04,148.289,92.1238,87.8762,
7,19.7769,2.92094e+06,0,291.801,111.801,92.4166,87.5834,
7,20.0495,1.18475e+06,1.03167,283.734,122.909,92.3838,87.6162,
7,22.2207,480206,3.01248,271.04,147.099,92.1507,87.8493,
7,19.6555,2.93897e+06,0,290.898,110.898,92.4316,87.5684,
7,19.8732,1.21945e+06,0.921652,283.734,120.968,92.4049,87.5951,
7,21.9428,497423,2.93992,271.04,145.827,92.178,87.822,
7,19.5391,2.95647e+06,0,289.983,109.983,92.4461,87.5539,
7,19.7067,1.2557e+06,0.807968,283.734,118.944,92.4253,87.5747,
7,21.6693,516053,2.86196,271.04,144.467,92.2055,87.7945,
7,19.4278,2.97342e+06,0,289.058,109.058,92.4601,87.5399,
7,19.5508,1.29353e+06,0.690892,283.734,116.838,92.4446,87.5554,
7,21.4005,536271,2.77811,271.04,143.009,92.2332,87.7668,
7,19.3215,2.98977e+06,0,288.122,108.122,92.4736,87.5264,
7,19.406,1.33293e+06,0.570787,283.734,114.651,92.4629,87.5371,
7,21.137,558279,2.68786,271.04,141.446,92.2611,87.7389,
7,19.2205,3.00549e+06,0,287.176,107.176,92.4866,87.5134,
7,19.273,1.3739e+06,0.448112,283.734,112.384,92.4799,87.5201,
7,20.8794,582305,2.59068,271.04,139.768,92.289,87.711,
7,19.1247,3.02053e+06,0,286.22,106.22,92.4991,87.5009,
7,19.1524,1.41639e+06,0.32342,283.734,110.041,92.4955,87.5045,
7,20.6283,608615,2.48602,271.04,137.966,92.3168,87.6832,
7,19.0344,3.03488e+06,0,285.255,105.255,92.511,87.489,
7,19.0448,1.46034e+06,0.197362,283.734,107.626,92.5096,87.4904,
7,20.3846,637514,2.37333,271.04,136.028,92.3446,87.6554,
7,18.9494,3.04848e+06,0,284.281,104.281,92.5222,87.4778,
7,18.9508,1.50566e+06,0.0706778,283.734,105.145,92.5221,87.4779,
7,20.1489,669350,2.25208,271.04,133.944,92.372,87.628,
7,18.8708,1.51644e+06,-0.0558183,283.734,102.604,92.5327,87.4673,
7,19.9223,704518,2.1218,271.04,131.704,92.399,87.601,
7,18.87,20604.7,0,283.299,103.299,92.5329,87.4671,
7,18.8055,1.48154e+06,-0.181251,283.734,100.012,92.5416,87.4584,
7,19.7058,743468,1.98211,271.04,129.295,92.4254,87.5746,
7,18.7961,19949.7,0,282.308,102.308,92.5428,87.4572,
7,18.7551,1.44567e+06,-0.304709,283.734,97.3775,92.5484,87.4516,
7,19.5006,786700,1.83277,271.04,126.709,92.4509,87.5491,
7,18.7279,19285.5,0,281.31,101.31,92.5521,87.4479,
7,18.72,1.40907e+06,-0.425275,283.734,94.7115,92.5532,87.4468,
7,19.3079,834767,1.67376,271.04,123.936,92.4754,87.5246,
7,18.6654,174300,-2.38419e-07,280.305,100.305,92.5606,87.4394,
7,18.7004,1.37197e+06,-0.542053,283.734,92.0249,92.5558,87.4442,
7,19.129,888266,1.50537,271.04,120.97,92.4986,87.5014,
7,18.6087,177769,0,279.293,99.2933,92.5685,87.4315,
7,18.9654,947820,1.32823,271.04,117.808,92.5201,87.4799,
7,18.5578,180958,0,278.276,98.2759,92.5755,87.4245,
7,-9.23503e-311,0,1.01941e+06,-2.85185e-36,2.68858,-2.38419e-07,0.433399,
7,18.8186,1.01406e+06,1.14346,271.04,114.45,92.5398,87.4602,
7,18.5128,183841,-2.38419e-07,277.253,97.2532,92.5818,87.4182,
7,-1.29326e-231,0,947820,-8.13309e+11,2.79633,1.32823,2.70668,
7,18.69,1.08758e+06,0.952687,271.04,110.904,92.5573,87.4427,
7,18.4737,186392,0,276.226,96.2258,92.5872,87.4128,
7,-1.29263e-231,0,1.46224e+06,-1000.22,2.78728,0.180106,1.71111,
7,18.5813,1.1689e+06,0.758082,271.04,107.182,92.5722,87.4277,
7,18.4405,188592,0,275.194,95.1944,92.5919,87.4081,
7,18.7611,103420,-0.96431,281.807,78.1926,92.5476,87.4524,
7,18.4936,1.25839e+06,0.562339,271.04,103.305,92.5844,87.4156,
7,18.4134,190419,0,274.16,94.1596,92.5957,87.4043,
7,18.8322,100458,-1.04423,282.802,77.1982,92.538,87.4621,
7,18.4282,1.35621e+06,0.368565,271.04,99.2993,92.5936,87.4064,
7,18.3922,191857,0,273.122,93.1221,92.5987,87.4013,
7,-3.80425e-270,0,1.97794e+35,1.97806e+35,6.2638e-43,1.97794e+35,6.2638e-43,
7,18.3862,1.46224e+06,0.180106,271.04,95.2001,92.5996,87.4004,
7,18.3771,192895,0,272.083,92.0826,92.6008,87.3992,
7,-1.29295e-231,0,1.01406e+06,-1.29498e+18,2.79404,1.14346,0.861688,
7,18.368,1.57602e+06,0.000298738,271.04,91.047,92.6021,87.3979,
7,18.368,12650.6,0,271.042,91.0416,92.6021,87.3979,
7,-1.08657e-311,0,2.93897e+06,-4.16204e+24,2.80712,0,1.95447,
7,18.0318,3.20362e+06,0,270,90,92.6507,87.3493,
7,18.0391,1.55699e+06,-0.138289,271.271,87.8823,92.6496,87.3504,
7,18.0413,1.48381e+06,-0.177232,271.04,86.6389,92.6493,87.3507,
7,17.6986,3.26394e+06,0,270,90,92.7006,87.2994,
7,17.7062,1.58471e+06,-0.142629,271.271,87.7724,92.6995,87.3005,
7,17.7088,1.50402e+06,-0.188219,271.04,86.3535,92.6991,87.3009,
7,17.3654,3.32656e+06,0,270,90,92.7525,87.2475,
7,17.3732,1.61332e+06,-0.147432,271.271,87.6505,92.7512,87.2488,
7,17.3763,1.52359e+06,-0.201161,271.04,86.0153,92.7508,87.2492,
7,17.0322,3.39164e+06,0,270,90,92.8064,87.1936,
7,17.0404,1.64283e+06,-0.152778,271.271,87.5145,92.805,87.195,
7,17.044,1.54207e+06,-0.216628,271.04,85.6081,92.8044,87.1956,
7,16.699,3.4593e+06,0,270,90,92.8624,87.1376,
7,16.7075,1.67326e+06,-0.158764,271.271,87.3617,92.8609,87.1391,
7,16.712,1.55878e+06,-0.235432,271.04,85.1084,92.8602,87.1398,
7,16.3659,3.52971e+06,0,270,90,92.9207,87.0793,
7,16.3748,1.70463e+06,-0.165513,271.271,87.1889,92.9191,87.0809,
7,16.3802,1.57268e+06,-0.258775,271.04,84.4808,92.9182,87.0818,
7,16.0328,3.60305e+06,0,270,90,92.9815,87.0185,
7,16.0421,1.73691e+06,-0.173178,271.271,86.992,92.9797,87.0203,
7,16.0488,1.58212e+06,-0.288504,271.04,83.6692,92.9785,87.0215,
7,15.6997,3.6795e+06,0,270,90,93.0448,86.9552,
7,15.7095,1.77009e+06,-0.181961,271.271,86.7654,93.0429,86.9571,
7,15.7181,1.58437e+06,-0.327603,271.04,82.5794,93.0412,86.9588,
7,15.3666,3.75926e+06,0,270,90,93.1108,86.8892,
7,15.377,1.80411e+06,-0.192125,271.271,86.502,93.1087,86.8913,
7,15.3884,1.57456e+06,-0.381202,271.04,81.0399,93.1064,86.8936,
7,15.0335,3.84254e+06,0,270,90,93.1798,86.8202,
7,15.0446,1.83886e+06,-0.20402,271.271,86.1919,93.1775,86.8225,
7,15.0605,1.54333e+06,-0.458775,271.04,78.7049,93.1741,86.8259,
7,14.7005,3.92959e+06,0,270,90,93.2519,86.7481,
7,14.7124,1.87416e+06,-0.218128,271.271,85.8216,93.2493,86.7507,
7,14.7361,1.47038e+06,-0.579241,271.04,74.7627,93.2441,86.7559,
7,14.3675,4.02068e+06,0,270,90,93.3274,86.6726,
7,14.3803,1.90972e+06,-0.235128,271.271,85.3717,93.3244,86.6756,
7,14.4209,1.3044e+06,-0.779864,271.04,66.8214,93.3151,86.6849,
7,14.0345,4.11607e+06,0,270,90,93.4064,86.5936,
7,14.0485,1.94507e+06,-0.256001,271.271,84.8135,93.403,86.597,
7,14.14,902008,-1.0184,271.04,45,93.381,86.619,
7,13.7015,4.2161e+06,0,270,90,93.4893,86.5107,
7,13.7171,1.97943e+06,-0.282227,271.271,84.1027,93.4854,86.5147,
7,14.0504,414986,0.828292,271.04,341.449,93.4026,86.5974,
7,13.3686,4.32109e+06,0,270,90,93.5763,86.4237,
7,13.3862,2.01144e+06,-0.316137,271.271,83.1673,93.5716,86.4284,
7,14.273,408516,3.12297,271.04,300.896,93.3495,86.6505,
7,13.0357,4.43145e+06,0,270,90,93.6678,86.3322,
7,13.0562,2.03869e+06,-0.361605,271.271,81.8815,93.662,86.338,
7,14.5775,399983,3.80298,271.04,288.396,93.2794,86.7206,
7,12.7028,4.54756e+06,0,270,90,93.764,86.236,
7,12.7274,2.05651e+06,-0.42553,271.271,80.0056,93.7568,86.2432,
7,14.8985,391365,4.07823,271.04,282.969,93.2087,86.7913,
7,12.37,4.66992e+06,0,270,90,93.8655,86.1345,
7,12.4011,2.05497e+06,-0.521171,271.271,77.0216,93.8558,86.1442,
7,15.225,382972,4.2229,271.04,279.989,93.1398,86.8602,
7,12.0372,4.79903e+06,0,270,90,93.9725,86.0275,
7,12.0804,2.00928e+06,-0.675607,271.271,71.5844,93.9583,86.0417,
7,15.5539,374872,4.31135,271.04,278.115,93.0733,86.9267,
7,11.7045,4.93546e+06,0,270,90,94.0856,85.9144,
7,11.7762,1.8424e+06,-0.927708,271.271,59.0533,94.0607,85.9393,
7,15.8842,367077,4.37084,271.04,276.83,93.0094,86.9906,
7,11.3718,5.07984e+06,0,270,90,94.2054,85.7946,
7,11.5543,1.30455e+06,-0.67445,271.271,18.377,94.1388,85.8612,
7,16.2153,359583,4.41354,271.04,275.895,92.9479,87.0521,
7,11.0392,5.23292e+06,0,270,90,94.3323,85.6677,
7,11.6447,1.11059e+06,2.30544,271.271,314.904,94.1066,85.8934,
7,14.3766,795450,-0.403071,283.734,354.796,93.3253,86.6747,
7,10.7066,5.39547e+06,0,270,90,94.4672,85.5328,
7,11.9255,1.08444e+06,3.5386,271.271,293.149,94.0098,85.9902,
7,14.4265,792701,-0.0859947,283.734,348.014,93.3138,86.6862,
7,10.3741,5.5684e+06,0,270,90,94.6106,85.3894,
7,12.2405,1.05652e+06,3.95307,271.271,285.224,93.9064,86.0936,
7,14.514,787921,0.239657,283.734,341.555,93.2938,86.7062,
7,10.0416,5.75276e+06,0,270,90,94.7636,85.2364,
7,12.5647,1.02927e+06,4.14795,271.271,281.288,93.8055,86.1945,
7,14.636,781355,0.559694,283.734,335.545,93.2663,86.7337,
7,9.70924,5.94969e+06,0,270,90,94.9271,85.0729,
7,12.8924,1.0031e+06,4.25956,271.271,278.955,93.7086,86.2914,
7,14.7884,773304,0.863279,283.734,330.058,93.2326,86.7674,
7,9.37695,6.16053e+06,0,270,90,95.1022,84.8978,
7,13.2219,978105,4.33154,271.271,277.417,93.6161,86.3839,
7,14.9671,764072,1.14367,283.734,325.115,93.194,86.806,
7,9.04476,6.38679e+06,0,270,90,95.2901,84.7099,
7,13.5524,954250,4.38174,271.271,276.328,93.5278,86.4722,
7,15.1681,753946,1.39778,283.734,320.701,93.1516,86.8484,
7,8.71267,6.63023e+06,0,270,90,95.4923,84.5077,
7,13.8836,931487,4.41872,271.271,275.517,93.4435,86.5565,
7,15.3878,743178,1.6252,283.734,316.781,93.1065,86.8935,
7,8.38069,6.89286e+06,0,270,90,95.7106,84.2894,
7,14.2152,909757,4.44709,271.271,274.89,93.3631,86.6369,
7,15.6233,731978,1.8272,283.734,313.307,93.0597,86.9403,
7,8.04885,7.17704e+06,0,270,90,95.9469,84.0531,
7,14.5471,889000,4.46956,271.271,274.391,93.2863,86.7137,
7,15.8718,720516,2.00595,283.734,310.228,93.0117,86.9883,
7,7.71716,7.48552e+06,0,270,90,96.2034,83.7966,
7,14.8793,869155,4.48779,271.271,273.984,93.2128,86.7872,
7,16.1313,708927,2.16393,283.734,307.497,92.9632,87.0368,
7,7.38564,7.82153e+06,0,270,90,96.4831,83.5169,
7,15.2116,850167,4.50288,271.271,273.646,93.1426,86.8574,
7,16.3999,697316,2.30367,283.734,305.067,92.9147,87.0853,
7,7.05431,8.18889e+06,0,270,90,96.789,83.211,
7,15.5441,831985,4.51559,271.271,273.36,93.0753,86.9247,
7,16.6762,685764,2.4275,283.734,302.899,92.8663,87.1337,
7,6.7232,8.59218e+06,0,270,90,97.125,82.875,
7,15.8766,814557,4.52644,271.271,273.117,93.0108,86.9892,
7,16.959,674328,2.53754,283.734,300.958,92.8185,87.1815,
7,6.39234,9.0369e+06,0,270,90,97.4959,82.5041,
7,16.2093,797841,4.5358,271.271,272.906,92.949,87.051,
7,17.2473,663056,2.63564,283.734,299.213,92.7713,87.2287,
7,6.06179,9.52969e+06,0,270,90,97.9072,82.0928,
7,16.542,781793,4.54398,271.271,272.721,92.8896,87.1104,
7,17.5403,651979,2.72341,283.734,297.641,92.725,87.275,
7,5.73158,1.00787e+07,0,270,90,98.3659,81.6341,
7,16.8748,766374,4.55118,271.271,272.559,92.8326,87.1674,
7,17.8374,641119,2.80222,283.734,296.217,92.6796,87.3204,
7,5.40178,1.06941e+07,0,270,90,98.8807,81.1193,
7,17.2076,751550,4.55756,271.271,272.415,92.7777,87.2223,
7,18.138,630495,2.87325,283.734,294.924,92.6352,87.3648,
7,5.07248,1.13883e+07,0,270,90,99.4623,80.5377,
7,17.5405,737287,4.56327,271.271,272.287,92.725,87.275,
7,18.4416,620114,2.93749,283.734,293.745,92.5917,87.4083,
7,4.74377,1.21774e+07,0,270,90,100.125,79.8753,
7,17.8735,723553,4.5684,271.271,272.171,92.6742,87.3258,
7,18.7479,609983,2.99579,283.734,292.667,92.5494,87.4506,
7,4.41579,1.30819e+07,0,270,90,100.886,79.1145,
7,18.2065,710320,4.57303,271.271,272.066,92.6252,87.3748,
7,19.0565,600105,3.0489,283.734,291.678,92.5081,87.4919,
7,4.08871,1.41284e+07,0,270,90,101.768,78.2317,
7,18.5395,697560,4.57724,271.271,271.971,92.578,87.422,
7,19.3672,590479,3.09742,283.734,290.768,92.4678,87.5322,
7,3.76277,1.53522e+07,0,270,90,102.804,77.1957,
7,18.8725,685250,4.58108,271.271,271.885,92.5325,87.4675,
7,19.6796,581103,3.14189,283.734,289.929,92.4286,87.5714,
7,3.4383,1.6801e+07,0,270,90,104.036,75.9638,
7,19.2056,673367,4.5846,271.271,271.806,92.4886,87.5114,
7,19.9937,571975,3.18277,283.734,289.152,92.3904,87.6096,
7,3.11575,1.85403e+07,0,270,90,105.524,74.4759,
7,19.5387,661887,4.58784,271.271,271.733,92.4461,87.5539,
7,20.3092,563089,3.22046,283.734,288.431,92.3533,87.6467,
7,2.79578,2.06622e+07,0,270,90,107.354,72.646,
7,19.8718,650792,4.59082,271.271,271.665,92.4051,87.5949,
7,20.626,554440,3.25529,283.734,287.762,92.3171,87.6829,
7,2.47939,2.32988e+07,0,270,90,109.654,70.3462,
7,20.205,640062,4.59359,271.271,271.603,92.3654,87.6346,
7,20.944,546023,3.28758,283.734,287.137,92.2819,87.7181,
7,2.16817,2.66432e+07,0,270,90,112.62,67.3801,
7,20.5381,629679,4.59615,271.271,271.545,92.327,87.673,
7,21.263,537831,3.31756,283.734,286.554,92.2477,87.7523,
7,1.86468,3.09796e+07,0,270,90,116.565,63.435,
7,20.8713,619627,4.59854,271.271,271.492,92.2899,87.7101,
7,21.583,529858,3.34548,283.734,286.008,92.2143,87.7857,
